Name,Type1,Type2,Generation,Legendary,Evolve_Level,Evolve_Into,,,,,,
Bulbasaur,Grass,Poison,1,FALSE,16,,,,,,,
Ivysaur,Grass,Poison,1,FALSE,32,,,,,,,
Venusaur,Grass,Poison,1,FALSE,-,,,,,,,
Venusaur_Mega,Grass,Poison,6,MEGA,,,,,,,,
Charmander,Fire,,1,FALSE,16,,,,,,,
Charmeleon,Fire,,1,FALSE,36,,,,,,,
Charizard,Fire,Flying,1,FALSE,-,,,,,,,
Squirtle,Water,,1,FALSE,16,,,,,,,
Wartortle,Water,,1,FALSE,36,,,,,,,
Blastoise,Water,,1,FALSE,-,,,,,,,
Caterpie,Bug,,1,FALSE,7,,,,,,,
Metapod,Bug,,1,FALSE,10,,,,,,,
Butterfree,Bug,Flying,1,FALSE,-,,,,,,,
Weedle,Bug,Poison,1,FALSE,7,,,,,,,
Kakuna,Bug,Poison,1,FALSE,10,,,,,,,
Beedrill,Bug,Poison,1,FALSE,-,,,,,,,
Pidgey,Normal,Flying,1,FALSE,18,,,,,,,
Pidgeotto,Normal,Flying,1,FALSE,36,,,,,,,
Pidgeot,Normal,Flying,1,FALSE,-,,,,,,,
Rattata,Normal,,1,FALSE,20,,,,,,,
Rattata_Alolan,Dark,Normal,7,FALSE,"20, nighttime",,,,,,,
Raticate,Normal,,1,FALSE,-,,,,,,,
Raticate_Alolan,Dark,Normal,7,FALSE,-,,,,,,,
Spearow,Normal,Flying,1,FALSE,20,,,,,,,
Fearow,Normal,Flying,1,FALSE,-,,,,,,,
Ekans,Poison,,1,FALSE,22,,,,,,,
Arbok,Poison,,1,FALSE,-,,,,,,,
Pikachu,Electric,,1,FALSE,Use thunderstone,,,,,,,
Raichu,Electric,,1,FALSE,-,,,,,,,
Raichu_Alolan,Electric,Psychic,7,,-,,,,,,,
Sandshrew,Ground,,1,FALSE,22,,,,,,,
Sandshrew_Alolan,Ice,Steel,7,,Ice stone,,,,,,,
Sandslash,Ground,,1,FALSE,-,,,,,,,
Sandslash_Alolan,Ice,Steel,7,,-,,,,,,,
Nidoran_F,Poison,,1,FALSE,16,,,,,,,
Nidorina,Poison,,1,FALSE,Use Moon Stone,,,,,,,
Nidoqueen,Poison,Ground,1,FALSE,-,,,,,,,
Nidoran_M,Poison,,1,FALSE,16,,,,,,,
Nidorino,Poison,,1,FALSE,Use Moon Stone,,,,,,,
Nidoking,Poison,Ground,1,FALSE,-,,,,,,,
Clefairy,Fairy,,1,FALSE,Use Moon Stone,,,,,,,
Clefable,Fairy,,1,FALSE,-,,,,,,,
Vulpix,Fire,,1,FALSE,Use Fire Stone,,,,,,,
Vulpix_Alolan,Ice,,7,,Use Ice Stone,,,,,,,
Ninetales,Fire,,1,FALSE,-,,,,,,,
Ninetales_Alolan,Ice,Fairy,7,,-,,,,,,,
Jigglypuff,Normal,Fairy,1,FALSE,Moon Stone,,,,,,,
Wigglytuff,Normal,Fairy,1,FALSE,-,,,,,,,
Zubat,Poison,Flying,1,FALSE,22,,,,,,,
Golbat,Poison,Flying,1,FALSE,Friendship,,,,,,,
Oddish,Grass,Poison,1,FALSE,21,,,,,,,
Gloom,Grass,Poison,1,FALSE,Leaf Stone,,,,,,,
Vileplume,Grass,Poison,1,FALSE,-,,,,,,,
Paras,Bug,Grass,1,FALSE,24,,,,,,,
Parasect,Bug,Grass,1,FALSE,-,,,,,,,
Venonat,Bug,Poison,1,FALSE,31,,,,,,,
Venomoth,Bug,Poison,1,FALSE,-,,,,,,,
Diglett,Ground,,1,FALSE,26,,,,,,,
Diglett_Alolan,Ground,Steel,7,,26,,,,,,,
Dugtrio,Ground,,1,FALSE,-,,,,,,,
Dugtrio_Alolan,Ground,Steel,7,,-,,,,,,,
Meowth,Normal,,1,FALSE,28,,,,,,,
Meowth_Alolan,Dark,,7,,Friendship,,,,,,,
Persian,Normal,,1,FALSE,-,,,,,,,
Persian_Alolan,Dark,,7,,-,,,,,,,
Psyduck,Water,,1,FALSE,33,,,,,,,
Golduck,Water,,1,FALSE,-,,,,,,,
Mankey,Fighting,,1,FALSE,28,,,,,,,
Primeape,Fighting,,1,FALSE,-,,,,,,,
Growlithe,Fire,,1,FALSE,Fire stone,,,,,,,
Arcanine,Fire,,1,FALSE,-,,,,,,,
Poliwag,Water,,1,FALSE,25,,,,,,,
Poliwhirl,Water,,1,FALSE,Water stone,,,,,,,
Poliwrath,Water,Fighting,1,FALSE,-,,,,,,,
Abra,Psychic,,1,FALSE,16,,,,,,,
Kadabra,Psychic,,1,FALSE,Trade,,,,,,,
Alakazam,Psychic,,1,FALSE,-,,,,,,,
Machop,Fighting,,1,FALSE,28,,,,,,,
Machoke,Fighting,,1,FALSE,Trade,,,,,,,
Machamp,Fighting,,1,FALSE,-,,,,,,,
Bellsprout,Grass,Poison,1,FALSE,21,,,,,,,
Weepinbell,Grass,Poison,1,FALSE,Leaf Stone,,,,,,,
Victreebel,Grass,Poison,1,FALSE,-,,,,,,,
Tentacool,Water,Poison,1,FALSE,30,,,,,,,
Tentacruel,Water,Poison,1,FALSE,-,,,,,,,
Geodude,Rock,Ground,1,FALSE,25,,,,,,,
Geodude_Alolan,Rock,Electric,7,,25,,,,,,,
Graveler,Rock,Ground,1,FALSE,Trade,,,,,,,
Graveler_Alolan,Rock,Electric,7,,Trade,,,,,,,
Golem,Rock,Ground,1,FALSE,-,,,,,,,
Golem_Alolan,Rock,Electric,7,,-,,,,,,,
Ponyta,Fire,,1,FALSE,40,,,,,,,
Rapidash,Fire,,1,FALSE,-,,,,,,,
Slowpoke,Water,Psychic,1,FALSE,37,,,,,,,
Slowbro,Water,Psychic,1,FALSE,-,,,,,,,
Magnemite,Electric,Steel,1,FALSE,30,,,,,,,
Magneton,Electric,Steel,1,FALSE,Level up in a magnetic field,,,,,,,
Farfetchd,Normal,Flying,1,FALSE,-,,,,,,,
Doduo,Normal,Flying,1,FALSE,31,,,,,,,
Dodrio,Normal,Flying,1,FALSE,-,,,,,,,
Seel,Water,,1,FALSE,34,,,,,,,
Dewgong,Water,Ice,1,FALSE,-,,,,,,,
Grimer,Poison,,1,FALSE,38,,,,,,,
Grimer_Alolan,Poison,Dark,7,,38,,,,,,,
Muk,Poison,,1,FALSE,-,,,,,,,
Muk_Alolan,Poison,Dark,7,,-,,,,,,,
Shellder,Water,,1,FALSE,Water Stone,,,,,,,
Cloyster,Water,Ice,1,FALSE,-,,,,,,,
Gastly,Ghost,Poison,1,FALSE,25,,,,,,,
Haunter,Ghost,Poison,1,FALSE,Trade,,,,,,,
Gengar,Ghost,Poison,1,FALSE,-,,,,,,,
Onix,Rock,Ground,1,FALSE,Trade holding Metal Coat,,,,,,,
Drowzee,Psychic,,1,FALSE,26,,,,,,,
Hypno,Psychic,,1,FALSE,-,,,,,,,
Krabby,Water,,1,FALSE,28,,,,,,,
Kingler,Water,,1,FALSE,-,,,,,,,
Voltorb,Electric,,1,FALSE,30,,,,,,,
Electrode,Electric,,1,FALSE,-,,,,,,,
Exeggcute,Grass,Psychic,1,FALSE,Leaf Stone outside Alola,,,,,,,
Exeggutor,Grass,Psychic,1,FALSE,-,,,,,,,
Exeggutor_Alolan,Grass,Dragon,7,,-,,,,,,,
Cubone,Ground,,1,FALSE,28,,,,,,,
Marowak,Ground,,1,FALSE,-,,,,,,,
Marowak_Alolan,Fire,Ghost,7,,-,,,,,,,
Hitmonlee,Fighting,,1,FALSE,-,,,,,,,
Hitmonchan,Fighting,,1,FALSE,-,,,,,,,
Lickitung,Normal,,1,FALSE,After Rollout learned,,,,,,,
Koffing,Poison,,1,FALSE,35,,,,,,,
Weezing,Poison,,1,FALSE,-,,,,,,,
Rhyhorn,Ground,Rock,1,FALSE,42,,,,,,,
Rhydon,Ground,Rock,1,FALSE,Trade holding Protector,,,,,,,
Chansey,Normal,,1,FALSE,High friendship,,,,,,,
Tangela,Grass,,1,FALSE,Learn Ancient Power (36),,,,,,,
Kangaskhan,Normal,,1,FALSE,-,,,,,,,
Horsea,Water,,1,FALSE,32,,,,,,,
Seadra,Water,,1,FALSE,Trade holding Dragon Scale,,,,,,,
Goldeen,Water,,1,FALSE,33,,,,,,,
Seaking,Water,,1,FALSE,-,,,,,,,
Staryu,Water,,1,FALSE,Water stone,,,,,,,
Starmie,Water,Psychic,1,FALSE,-,,,,,,,
Mr_Mime,Psychic,Fairy,1,FALSE,-,,,,,,,
Scyther,Bug,Flying,1,FALSE,Trade holding Metal Coat,,,,,,,
Jynx,Ice,Psychic,1,FALSE,-,,,,,,,
Electabuzz,Electric,,1,FALSE,"trade, holding electrizer",,,,,,,
Magmar,Fire,,1,FALSE,"trade, holding magmarizer",,,,,,,
Pinsir,Bug,,1,FALSE,-,,,,,,,
Tauros,Normal,,1,FALSE,-,,,,,,,
Magikarp,Water,,1,FALSE,20,,,,,,,
Gyarados,Water,Flying,1,FALSE,-,,,,,,,
Lapras,Water,Ice,1,FALSE,-,,,,,,,
Ditto,Normal,,1,FALSE,-,,,,,,,
Eevee,Normal,,1,FALSE,Water Stone,"Friendship, nighttime",,Level up near mossy rock,,Level up near icy rock,,Knowing a fairy move
Vaporeon,Water,,1,FALSE,-,,,,,,,
Jolteon,Electric,,1,FALSE,-,,,,,,,
Flareon,Fire,,1,FALSE,-,,,,,,,
Porygon,Normal,,1,FALSE,Trade holding Upgrade,,,,,,,
Omanyte,Rock,Water,1,FALSE,40,,,,,,,
Omastar,Rock,Water,1,FALSE,-,,,,,,,
Kabuto,Rock,Water,1,FALSE,40,,,,,,,
Kabutops,Rock,Water,1,FALSE,-,,,,,,,
Aerodactyl,Rock,Flying,1,FALSE,-,,,,,,,
Snorlax,Normal,,1,FALSE,-,,,,,,,
Articuno,Ice,Flying,1,TRUE,-,,,,,,,
Zapdos,Electric,Flying,1,TRUE,-,,,,,,,
Moltres,Fire,Flying,1,TRUE,-,,,,,,,
Dratini,Dragon,,1,FALSE,30,,,,,,,
Dragonair,Dragon,,1,FALSE,55,,,,,,,
Dragonite,Dragon,Flying,1,FALSE,-,,,,,,,
MewTwo,Psychic,,1,TRUE,-,,,,,,,
Mew,Psychic,,1,FALSE,-,,,,,,,
Chikorita,Grass,,2,FALSE,16,,,,,,,
Bayleef,Grass,,2,FALSE,32,,,,,,,
Meganium,Grass,,2,FALSE,-,,,,,,,
Cyndaquil,Fire,,2,FALSE,14,,,,,,,
Quilava,Fire,,2,FALSE,36,,,,,,,
Typhlosion,Fire,,2,FALSE,-,,,,,,,
Totodile,Water,,2,FALSE,18,,,,,,,
Croconaw,Water,,2,FALSE,30,,,,,,,
Feraligatr,Water,,2,FALSE,-,,,,,,,
Sentret,Normal,,2,FALSE,15,,,,,,,
Furret,Normal,,2,FALSE,-,,,,,,,
Hoothoot,Normal,Flying,2,FALSE,20,,,,,,,
Noctowl,Normal,Flying,2,FALSE,-,,,,,,,
Ledyba,Bug,Flying,2,FALSE,18,,,,,,,
Ledian,Bug,Flying,2,FALSE,-,,,,,,,
Spinarak,Bug,Poison,2,FALSE,22,,,,,,,
Ariados,Bug,Poison,2,FALSE,-,,,,,,,
Crobat,Poison,Flying,2,FALSE,-,,,,,,,
Chinchou,Water,Electric,2,FALSE,27,,,,,,,
Lanturn,Water,Electric,2,FALSE,-,,,,,,,
Pichu,Electric,,2,FALSE,High friendship,,,,,,,
Cleffa,Fairy,,2,FALSE,High Friendship,,,,,,,
Igglybuff,Normal,Fairy,2,FALSE,High Friendship,,,,,,,
Togepi,Fairy,,2,FALSE,High Friendship,,,,,,,
Togetic,Fairy,Flying,2,FALSE,Shiny Stone,,,,,,,
Natu,Psychic,Flying,2,FALSE,25,,,,,,,
Xatu,Psychic,Flying,2,FALSE,-,,,,,,,
Mareep,Electric,,2,FALSE,15,,,,,,,
Flaaffy,Electric,,2,FALSE,30,,,,,,,
Ampharos,Electric,,2,FALSE,-,,,,,,,
Bellossom,Grass,,2,FALSE,-,,,,,,,
Marill,Water,Fairy,2,FALSE,18,,,,,,,
Azumarill,Water,Fairy,2,FALSE,-,,,,,,,
Sudowoodo,Rock,,2,FALSE,-,,,,,,,
Politoed,Water,,2,FALSE,-,,,,,,,
Hoppip,Grass,Flying,2,FALSE,18,,,,,,,
Skiploom,Grass,Flying,2,FALSE,27,,,,,,,
Jumpluff,Grass,Flying,2,FALSE,-,,,,,,,
Aipom,Normal,,2,FALSE,After Double Hit learned,,,,,,,
Sunkern,Grass,,2,FALSE,Sun Stone,,,,,,,
Sunflora,Grass,,2,FALSE,-,,,,,,,
Yanma,Bug,Flying,2,FALSE,After Ancient Power learned,,,,,,,
Wooper,Water,Ground,2,FALSE,20,,,,,,,
Quagsire,Water,Ground,2,FALSE,-,,,,,,,
Espeon,Psychic,,2,FALSE,-,,,,,,,
Umbreon,Dark,,2,FALSE,-,,,,,,,
Murkrow,Dark,Flying,2,FALSE,Dusk Stone,,,,,,,
Slowking,Water,Psychic,2,FALSE,-,,,,,,,
Misdreavus,Ghost,,2,FALSE,Dusk Stone,,,,,,,
Unown,Psychic,,2,FALSE,-,,,,,,,
Wobbuffet,Psychic,,2,FALSE,-,,,,,,,
Girafarig,Normal,Psychic,2,FALSE,-,,,,,,,
Pineco,Bug,,2,FALSE,31,,,,,,,
Forretress,Bug,Steel,2,FALSE,-,,,,,,,
Dunsparce,Normal,,2,FALSE,-,,,,,,,
Gligar,Ground,Flying,2,FALSE,"Hold Razor Fang, nighttime",,,,,,,
Steelix,Steel,Ground,2,FALSE,-,,,,,,,
Snubbull,Fairy,,2,FALSE,23,,,,,,,
Granbull,Fairy,,2,FALSE,-,,,,,,,
Qwilfish,Water,Poison,2,FALSE,-,,,,,,,
Scizor,Bug,Steel,2,FALSE,-,,,,,,,
Shuckle,Bug,Rock,2,FALSE,-,,,,,,,
Heracross,Bug,Fighting,2,FALSE,-,,,,,,,
Sneasel,Dark,Ice,2,FALSE,"Holding Razor Claw, Nighttime",,,,,,,
Teddiursa,Normal,,2,FALSE,30,,,,,,,
Ursaring,Normal,,2,FALSE,-,,,,,,,
Slugma,Fire,,2,FALSE,38,,,,,,,
Magcargo,Fire,Rock,2,FALSE,-,,,,,,,
Swinub,Ice,Ground,2,FALSE,33,,,,,,,
Piloswine,Ice,Ground,2,FALSE,Ancient Power Learned,,,,,,,
Corsola,Water,Rock,2,FALSE,-,,,,,,,
Remoraid,Water,,2,FALSE,25,,,,,,,
Octillery,Water,,2,FALSE,-,,,,,,,
Delibird,Ice,Flying,2,FALSE,-,,,,,,,
Mantine,Water,Flying,2,FALSE,-,,,,,,,
Skarmory,Steel,Flying,2,FALSE,-,,,,,,,
Houndour,Dark,Fire,2,FALSE,24,,,,,,,
Houndoom,Dark,Fire,2,FALSE,-,,,,,,,
Kingdra,Water,Dragon,2,FALSE,-,,,,,,,
Phanpy,Ground,,2,FALSE,25,,,,,,,
Donphan,Ground,,2,FALSE,-,,,,,,,
Porygon2,Normal,,2,FALSE,Trade holding Dubious Disc,,,,,,,
Stantler,Normal,,2,FALSE,-,,,,,,,
Smeargle,Normal,,2,FALSE,-,,,,,,,
Tyrogue,Fighting,,2,FALSE,"20, Attack>Defense",,,,,,,
Hitmontop,Fighting,,2,FALSE,-,,,,,,,
Smoochum,Ice,Psychic,2,FALSE,30,,,,,,,
Elekid,Electric,,2,FALSE,30,,,,,,,
Magby,Fire,,2,FALSE,30,,,,,,,
Miltank,Normal,,2,FALSE,-,,,,,,,
Blissey,Normal,,2,FALSE,-,,,,,,,
Raikou,Electric,,2,TRUE,-,,,,,,,
Entei,Fire,,2,TRUE,-,,,,,,,
Suicune,Water,,2,TRUE,-,,,,,,,
Larvitar,Rock,Ground,2,FALSE,30,,,,,,,
Pupitar,Rock,Ground,2,FALSE,55,,,,,,,
Tyranitar,Rock,Dark,2,FALSE,-,,,,,,,
Lugia,Psychic,Flying,2,TRUE,-,,,,,,,
Ho_oh,Fire,Flying,2,TRUE,-,,,,,,,
Celebi,Psychic,Grass,2,FALSE,-,,,,,,,
Treecko,Grass,,3,FALSE,16,,,,,,,
Grovyle,Grass,,3,FALSE,36,,,,,,,
Sceptile,Grass,,3,FALSE,-,,,,,,,
Torchic,Fire,,3,FALSE,16,,,,,,,
Combusken,Fire,Fighting,3,FALSE,36,,,,,,,
Blaziken,Fire,Fighting,3,FALSE,-,,,,,,,
Mudkip,Water,,3,FALSE,16,,,,,,,
Marshtomp,Water,Ground,3,FALSE,36,,,,,,,
Swampert,Water,Ground,3,FALSE,-,,,,,,,
Poochyena,Dark,,3,FALSE,16,,,,,,,
Mightyena,Dark,,3,FALSE,-,,,,,,,
Zigzagoon,Normal,,3,FALSE,20,,,,,,,
Linoone,Normal,,3,FALSE,-,,,,,,,
Wurmple,Bug,,3,FALSE,7,,,,,,,
Silcoon,Bug,,3,FALSE,10,,,,,,,
Beautifly,Bug,Flying,3,FALSE,-,,,,,,,
Cascoon,Bug,,3,FALSE,10,,,,,,,
Dustox,Bug,Poison,3,FALSE,-,,,,,,,
Lotad,Water,Grass,3,FALSE,14,,,,,,,
Lombre,Water,Grass,3,FALSE,Water Stone,,,,,,,
Ludicolo,Water,Grass,3,FALSE,-,,,,,,,
Seedot,Grass,,3,FALSE,14,,,,,,,
Nuzleaf,Grass,Dark,3,FALSE,Leaf Stone,,,,,,,
Shiftry,Grass,Dark,3,FALSE,-,,,,,,,
Taillow,Normal,Flying,3,FALSE,22,,,,,,,
Swellow,Normal,Flying,3,FALSE,-,,,,,,,
Wingull,Water,Flying,3,FALSE,25,,,,,,,
Pelipper,Water,Flying,3,FALSE,-,,,,,,,
Ralts,Psychic,Fairy,3,FALSE,20,,,,,,,
Kirlia,Psychic,Fairy,3,FALSE,30 or Use Dawn Stone on Male,,,,,,,
Gardevoir,Psychic,Fairy,3,FALSE,-,,,,,,,
Surskit,Bug,Water,3,FALSE,22,,,,,,,
Masquerain,Bug,Flying,3,FALSE,-,,,,,,,
Shroomish,Grass,,3,FALSE,23,,,,,,,
Breloom,Grass,Fighting,3,FALSE,-,,,,,,,
Slakoth,Normal,,3,FALSE,18,,,,,,,
Vigoroth,Normal,,3,FALSE,36,,,,,,,
Slaking,Normal,,3,FALSE,-,,,,,,,
Nincada,Bug,Ground,3,FALSE,20,,,,,,,
Ninjask,Bug,Flying,3,FALSE,-,,,,,,,
Shedinja,Bug,Ghost,3,FALSE,-,,,,,,,
Whismur,Normal,,3,FALSE,20,,,,,,,
Loudred,Normal,,3,FALSE,40,,,,,,,
Exploud,Normal,,3,FALSE,-,,,,,,,
Makuhita,Fighting,,3,FALSE,24,,,,,,,
Hariyama,Fighting,,3,FALSE,-,,,,,,,
Azurill,Normal,Fairy,3,FALSE,Friendship,,,,,,,
Nosepass,Rock,,3,FALSE,LVL up in Magnetic area,,,,,,,
Skitty,Normal,,3,FALSE,Moon Stone,,,,,,,
Delcatty,Normal,,3,FALSE,-,,,,,,,
Sableye,Dark,Ghost,3,FALSE,-,,,,,,,
Mawile,Steel,Fairy,3,FALSE,-,,,,,,,
Aron,Steel,Rock,3,FALSE,32,,,,,,,
Lairon,Steel,Rock,3,FALSE,42,,,,,,,
Aggron,Steel,Rock,3,FALSE,-,,,,,,,
Meditite,Fighting,Psychic,3,FALSE,37,,,,,,,
Medicham,Fighting,Psychic,3,FALSE,-,,,,,,,
Electrike,Electric,,3,FALSE,26,,,,,,,
Manectric,Electric,,3,FALSE,-,,,,,,,
Plusle,Electric,,3,FALSE,-,,,,,,,
Minun,Electric,,3,FALSE,-,,,,,,,
Volbeat,Bug,,3,FALSE,-,,,,,,,
Illumise,Bug,,3,FALSE,-,,,,,,,
Roselia,Grass,Poison,3,FALSE,Shiny stone,,,,,,,
Gulpin,Poison,,3,FALSE,26,,,,,,,
Swalot,Poison,,3,FALSE,-,,,,,,,
Carvanha,Water,Dark,3,FALSE,30,,,,,,,
Sharpedo,Water,Dark,3,FALSE,-,,,,,,,
Wailmer,Water,,3,FALSE,40,,,,,,,
Wailord,Water,,3,FALSE,-,,,,,,,
Numel,Fire,Ground,3,FALSE,33,,,,,,,
Camerupt,Fire,Ground,3,FALSE,-,,,,,,,
Torkoal,Fire,,3,FALSE,-,,,,,,,
Spoink,Psychic,,3,FALSE,32,,,,,,,
Grumpig,Psychic,,3,FALSE,-,,,,,,,
Spinda,Normal,,3,FALSE,-,,,,,,,
Trapinch,Ground,,3,FALSE,35,,,,,,,
Vibrava,Ground,Dragon,3,FALSE,45,,,,,,,
Flygon,Ground,Dragon,3,FALSE,-,,,,,,,
Cacnea,Grass,,3,FALSE,32,,,,,,,
Cacturne,Grass,Dark,3,FALSE,-,,,,,,,
Swablu,Normal,Flying,3,FALSE,35,,,,,,,
Altaria,Dragon,Flying,3,FALSE,-,,,,,,,
Zangoose,Normal,,3,FALSE,-,,,,,,,
Seviper,Poison,,3,FALSE,-,,,,,,,
Lunatone,Rock,Psychic,3,FALSE,-,,,,,,,
Solrock,Rock,Psychic,3,FALSE,-,,,,,,,
Barboach,Water,Ground,3,FALSE,30,,,,,,,
Whiscash,Water,Ground,3,FALSE,-,,,,,,,
Corphish,Water,,3,FALSE,30,,,,,,,
Crawdaunt,Water,Dark,3,FALSE,-,,,,,,,
Baltoy,Ground,Psychic,3,FALSE,36,,,,,,,
Claydol,Ground,Psychic,3,FALSE,-,,,,,,,
Lileep,Rock,Grass,3,FALSE,40,,,,,,,
Cradily,Rock,Grass,3,FALSE,-,,,,,,,
Anorith,Rock,Bug,3,FALSE,40,,,,,,,
Armaldo,Rock,Bug,3,FALSE,-,,,,,,,
Feebas,Water,,3,FALSE,Trade holding Prism Scale or Level up with Max Beauty,,,,,,,
Milotic,Water,,3,FALSE,-,,,,,,,
Castform,Normal,,3,FALSE,-,,,,,,,
Kecleon,Normal,,3,FALSE,-,,,,,,,
Shuppet,Ghost,,3,FALSE,37,,,,,,,
Banette,Ghost,,3,FALSE,-,,,,,,,
Duskull,Ghost,,3,FALSE,37,,,,,,,
Dusclops,Ghost,,3,FALSE,Trade holding Reaper Cloth,,,,,,,
Tropius,Grass,Flying,3,FALSE,-,,,,,,,
Chimecho,Psychic,,3,FALSE,-,,,,,,,
Absol,Dark,,3,FALSE,-,,,,,,,
Wynaut,Psychic,,3,FALSE,15,,,,,,,
Snorunt,Ice,,3,FALSE,42,,,,,,,
Glalie,Ice,,3,FALSE,-,,,,,,,
Spheal,Ice,Water,3,FALSE,32,,,,,,,
Sealeo,Ice,Water,3,FALSE,44,,,,,,,
Walrein,Ice,Water,3,FALSE,-,,,,,,,
Clamperl,Water,,3,FALSE,Trade holding a deep sea tooth,,,,,,,
Huntail,Water,,3,FALSE,-,,,,,,,
Gorebyss,Water,,3,FALSE,-,,,,,,,
Relicanth,Water,Rock,3,FALSE,-,,,,,,,
Luvdisc,Water,,3,FALSE,-,,,,,,,
Bagon,Dragon,,3,FALSE,30,,,,,,,
Shelgon,Dragon,,3,FALSE,50,,,,,,,
Salamence,Dragon,Flying,3,FALSE,-,,,,,,,
Beldum,Steel,Psychic,3,FALSE,20,,,,,,,
Metang,Steel,Psychic,3,FALSE,45,,,,,,,
Metagross,Steel,Psychic,3,FALSE,-,,,,,,,
Regirock,Rock,,3,TRUE,-,,,,,,,
Regice,Ice,,3,TRUE,-,,,,,,,
Registeel,Steel,,3,TRUE,-,,,,,,,
Latias,Dragon,Psychic,3,TRUE,-,,,,,,,
Latios,Dragon,Psychic,3,TRUE,-,,,,,,,
Kyogre,Water,,3,TRUE,-,,,,,,,
Groudon,Ground,,3,TRUE,-,,,,,,,
Rayquaza,Dragon,Flying,3,TRUE,-,,,,,,,
Jirachi,Steel,Psychic,3,TRUE,-,,,,,,,
Deoxys,Psychic,,3,TRUE,-,,,,,,,
Deoxys_Attack,Psychic,,3,TRUE,-,,,,,,,
Deoxys_Defense,Psychic,,3,TRUE,-,,,,,,,
Deoxys_Speed,Psychic,,3,TRUE,-,,,,,,,
Turtwig,Grass,,4,FALSE,18,,,,,,,
Grotle,Grass,,4,FALSE,32,,,,,,,
Torterra,Grass,Ground,4,FALSE,-,,,,,,,
Chimchar,Fire,,4,FALSE,14,,,,,,,
Monferno,Fire,Fighting,4,FALSE,36,,,,,,,
Infernape,Fire,Fighting,4,FALSE,-,,,,,,,
Piplup,Water,,4,FALSE,16,,,,,,,
Prinplup,Water,,4,FALSE,36,,,,,,,
Empoleon,Water,Steel,4,FALSE,-,,,,,,,
Starly,Normal,Flying,4,FALSE,14,,,,,,,
Staravia,Normal,Flying,4,FALSE,34,,,,,,,
Staraptor,Normal,Flying,4,FALSE,-,,,,,,,
Bidoof,Normal,,4,FALSE,15,,,,,,,
Bibarel,Normal,Water,4,FALSE,-,,,,,,,
Kricketot,Bug,,4,FALSE,10,,,,,,,
Kricketune,Bug,,4,FALSE,-,,,,,,,
Shinx,Electric,,4,FALSE,15,,,,,,,
Luxio,Electric,,4,FALSE,30,,,,,,,
Luxray,Electric,,4,FALSE,-,,,,,,,
Budew,Grass,Poison,4,FALSE,"High Friendship, daytime",,,,,,,
Roserade,Grass,Poison,4,FALSE,-,,,,,,,
Cranidos,Rock,,4,FALSE,30,,,,,,,
Rampardos,Rock,,4,FALSE,-,,,,,,,
Shieldon,Rock,Steel,4,FALSE,30,,,,,,,
Bastiodon,Rock,Steel,4,FALSE,-,,,,,,,
Burmy,Bug,,4,FALSE,"20, Female, in grass",,"20, male",,,,,
Wormadam,Bug,Grass,4,FALSE,-,,,,,,,
Wormadam_Sandy_Cloak,Bug,Ground,4,FALSE,-,,,,,,,
Wormadam_Trash_Cloak,Bug,Steel,4,FALSE,-,,,,,,,
Mothim,Bug,Flying,4,FALSE,-,,,,,,,
Combee,Bug,Flying,4,FALSE,"21, female",,,,,,,
Vespiquen,Bug,Flying,4,FALSE,-,,,,,,,
Pachirisu,Electric,,4,FALSE,-,,,,,,,
Buizel,Water,,4,FALSE,26,,,,,,,
Floatzel,Water,,4,FALSE,-,,,,,,,
Cherubi,Grass,,4,FALSE,25,,,,,,,
Cherrim,Grass,,4,FALSE,-,,,,,,,
Shellos_East_Sea,Water,,4,FALSE,30,,,,,,,
Shellos,Water,,4,FALSE,30,,,,,,,
Gastrodon_East_Sea,Water,Ground,4,FALSE,-,,,,,,,
Gastrodon,Water,Ground,4,FALSE,-,,,,,,,
Ambipom,Normal,,4,FALSE,-,,,,,,,
Drifloon,Ghost,Flying,4,FALSE,28,,,,,,,
Drifblim,Ghost,Flying,4,FALSE,-,,,,,,,
Buneary,Normal,,4,FALSE,Friendship,,,,,,,
Lopunny,Normal,,4,FALSE,-,,,,,,,
Mismagius,Ghost,,4,FALSE,-,,,,,,,
Honchkrow,Dark,Flying,4,FALSE,-,,,,,,,
Glameow,Normal,,4,FALSE,38,,,,,,,
Purugly,Normal,,4,FALSE,-,,,,,,,
Chingling,Psychic,,4,FALSE,"High Friendship, nighttime",,,,,,,
Stunky,Poison,Dark,4,FALSE,34,,,,,,,
Skuntank,Poison,Dark,4,FALSE,-,,,,,,,
Bronzor,Steel,Psychic,4,FALSE,33,,,,,,,
Bronzong,Steel,Psychic,4,FALSE,-,,,,,,,
Bonsly,Rock,,4,FALSE,After Mimic learned,,,,,,,
Mime_Jr,Psychic,Fairy,4,FALSE,After Mimic learned,,,,,,,
Happiny,Normal,,4,FALSE,"Hold Oval stone, daytime",,,,,,,
Chatot,Normal,Flying,4,FALSE,-,,,,,,,
Spiritomb,Ghost,Dark,4,FALSE,-,,,,,,,
Gible,Dragon,Ground,4,FALSE,24,,,,,,,
Gabite,Dragon,Ground,4,FALSE,48,,,,,,,
Garchomp,Dragon,Ground,4,FALSE,-,,,,,,,
Munchlax,Normal,,4,FALSE,Friendship,,,,,,,
Riolu,Fighting,,4,FALSE,"Friendship, Daytime",,,,,,,
Lucario,Fighting,Steel,4,FALSE,-,,,,,,,
Hippopotas,Ground,,4,FALSE,34,,,,,,,
Hippowdon,Ground,,4,FALSE,-,,,,,,,
Skorupi,Poison,Bug,4,FALSE,40,,,,,,,
Drapion,Poison,Dark,4,FALSE,-,,,,,,,
Croagunk,Poison,Fighting,4,FALSE,37,,,,,,,
Toxicroak,Poison,Fighting,4,FALSE,-,,,,,,,
Carnivine,Grass,,4,FALSE,-,,,,,,,
Finneon,Water,,4,FALSE,31,,,,,,,
Lumineon,Water,,4,FALSE,-,,,,,,,
Mantyke,Water,Flying,4,FALSE,With Remoraide in the party,,,,,,,
Snover,Grass,Ice,4,FALSE,40,,,,,,,
Abomasnow,Grass,Ice,4,FALSE,-,,,,,,,
Weavile,Dark,Ice,4,FALSE,-,,,,,,,
Magnezone,Electric,Steel,4,FALSE,-,,,,,,,
Lickilicky,Normal,,4,FALSE,-,,,,,,,
Rhyperior,Ground,Rock,4,FALSE,-,,,,,,,
Tangrowth,Grass,,4,FALSE,-,,,,,,,
Electivire,Electric,,4,FALSE,-,,,,,,,
Magmortar,Fire,,4,FALSE,-,,,,,,,
Togekiss,Fairy,Flying,4,FALSE,-,,,,,,,
Yanmega,Bug,Flying,4,FALSE,-,,,,,,,
Leafeon,Grass,,4,FALSE,-,,,,,,,
Glaceon,Ice,,4,FALSE,-,,,,,,,
Gliscor,Ground,Flying,4,FALSE,-,,,,,,,
Mamoswine,Ice,Ground,4,FALSE,-,,,,,,,
Porygon_Z,Normal,,4,FALSE,-,,,,,,,
Gallade,Psychic,Fighting,4,FALSE,-,,,,,,,
Probopass,Rock,Steel,4,FALSE,-,,,,,,,
Dusknoir,Ghost,,4,FALSE,-,,,,,,,
Froslass,Ice,Ghost,4,FALSE,-,,,,,,,
Rotom,Electric,Ghost,4,FALSE,-,,,,,,,
Rotom_Heat,Electric,Fire,4,FALSE,-,,,,,,,
Rotom_Wash,Electric,Water,4,FALSE,-,,,,,,,
Rotom_Frost,Electric,Ice,4,FALSE,-,,,,,,,
Rotom_Fan,Electric,Flying,4,FALSE,-,,,,,,,
Rotom_Mow,Electric,Grass,4,FALSE,-,,,,,,,
Uxie,Psychic,,4,TRUE,-,,,,,,,
Mesprit,Psychic,,4,TRUE,-,,,,,,,
Azelf,Psychic,,4,TRUE,-,,,,,,,
Dialga,Steel,Dragon,4,TRUE,-,,,,,,,
Palkia,Water,Dragon,4,TRUE,-,,,,,,,
Heatran,Fire,Steel,4,TRUE,-,,,,,,,
Regigigas,Normal,,4,TRUE,-,,,,,,,
Giratina,Ghost,Dragon,4,TRUE,-,,,,,,,
Giratina_Origin,Ghost,Dragon,4,TRUE,-,,,,,,,
Cresselia,Psychic,,4,FALSE,-,,,,,,,
Phione,Water,,4,FALSE,-,,,,,,,
Manaphy,Water,,4,FALSE,-,,,,,,,
Darkrai,Dark,,4,TRUE,-,,,,,,,
Shaymin,Grass,,4,TRUE,-,,,,,,,
Shaymin_Sky,Grass,Flying,4,TRUE,-,,,,,,,
Arceus,Normal,,4,TRUE,-,,,,,,,
Victini,Psychic,Fire,5,TRUE,-,,,,,,,
Snivy,Grass,,5,FALSE,17,,,,,,,
Servine,Grass,,5,FALSE,36,,,,,,,
Serperior,Grass,,5,FALSE,-,,,,,,,
Tepig,Fire,,5,FALSE,17,,,,,,,
Pignite,Fire,Fighting,5,FALSE,36,,,,,,,
Emboar,Fire,Fighting,5,FALSE,-,,,,,,,
Oshawott,Water,,5,FALSE,17,,,,,,,
Dewott,Water,,5,FALSE,36,,,,,,,
Samurott,Water,,5,FALSE,-,,,,,,,
Patrat,Normal,,5,FALSE,20,,,,,,,
Watchog,Normal,,5,FALSE,-,,,,,,,
Lillipup,Normal,,5,FALSE,16,,,,,,,
Herdier,Normal,,5,FALSE,32,,,,,,,
Stoutland,Normal,,5,FALSE,-,,,,,,,
Purrloin,Dark,,5,FALSE,20,,,,,,,
Liepard,Dark,,5,FALSE,-,,,,,,,
Pansage,Grass,,5,FALSE,Leaf stone,,,,,,,
Simisage,Grass,,5,FALSE,-,,,,,,,
Pansear,Fire,,5,FALSE,Fire stone,,,,,,,
Simisear,Fire,,5,FALSE,-,,,,,,,
Panpour,Water,,5,FALSE,Water stone,,,,,,,
Simipour,Water,,5,FALSE,-,,,,,,,
Munna,Psychic,,5,FALSE,Moon Stone,,,,,,,
Musharna,Psychic,,5,FALSE,-,,,,,,,
Pidove,Normal,Flying,5,FALSE,21,,,,,,,
Tranquill,Normal,Flying,5,FALSE,32,,,,,,,
Unfezant,Normal,Flying,5,FALSE,-,,,,,,,
Blitzle,Electric,,5,FALSE,27,,,,,,,
Zebstrika,Electric,,5,FALSE,-,,,,,,,
Roggenrola,Rock,,5,FALSE,25,,,,,,,
Boldore,Rock,,5,FALSE,Trade,,,,,,,
Gigalith,Rock,,5,FALSE,-,,,,,,,
Woobat,Psychic,Flying,5,FALSE,Friendship,,,,,,,
Swoobat,Psychic,Flying,5,FALSE,-,,,,,,,
Drilbur,Ground,,5,FALSE,31,,,,,,,
Excadrill,Ground,Steel,5,FALSE,-,,,,,,,
Audino,Normal,,5,FALSE,-,,,,,,,
Timburr,Fighting,,5,FALSE,25,,,,,,,
Gurdurr,Fighting,,5,FALSE,Trade,,,,,,,
Conkeldurr,Fighting,,5,FALSE,-,,,,,,,
Tympole,Water,,5,FALSE,25,,,,,,,
Palpitoad,Water,Ground,5,FALSE,36,,,,,,,
Seismitoad,Water,Ground,5,FALSE,-,,,,,,,
Throh,Fighting,,5,FALSE,-,,,,,,,
Sawk,Fighting,,5,FALSE,-,,,,,,,
Sewaddle,Bug,Grass,5,FALSE,20,,,,,,,
Swadloon,Bug,Grass,5,FALSE,Friendship,,,,,,,
Leavanny,Bug,Grass,5,FALSE,-,,,,,,,
Venipede,Bug,Poison,5,FALSE,22,,,,,,,
Whirlipede,Bug,Poison,5,FALSE,30,,,,,,,
Scolipede,Bug,Poison,5,FALSE,-,,,,,,,
Cottonee,Grass,Fairy,5,FALSE,Sun Stone,,,,,,,
Whimsicott,Grass,Fairy,5,FALSE,-,,,,,,,
Petilil,Grass,,5,FALSE,Sunstone,,,,,,,
Lilligant,Grass,,5,FALSE,-,,,,,,,
Basculin,Water,,5,FALSE,-,,,,,,,
Sandile,Ground,Dark,5,FALSE,29,,,,,,,
Krokorok,Ground,Dark,5,FALSE,40,,,,,,,
Krookodile,Ground,Dark,5,FALSE,-,,,,,,,
Darumaka,Fire,,5,FALSE,35,,,,,,,
Darmanitan,Fire,,5,FALSE,-,,,,,,,
Maractus,Grass,,5,FALSE,-,,,,,,,
Dwebble,Bug,Rock,5,FALSE,34,,,,,,,
Crustle,Bug,Rock,5,FALSE,-,,,,,,,
Scraggy,Dark,Fighting,5,FALSE,39,,,,,,,
Scrafty,Dark,Fighting,5,FALSE,-,,,,,,,
Sigilyph,Psychic,Flying,5,FALSE,-,,,,,,,
Yamask,Ghost,,5,FALSE,34,,,,,,,
Cofagrigus,Ghost,,5,FALSE,-,,,,,,,
Tirtouga,Water,Rock,5,FALSE,37,,,,,,,
Carracosta,Water,Rock,5,FALSE,-,,,,,,,
Archen,Rock,Flying,5,FALSE,37,,,,,,,
Archeops,Rock,Flying,5,FALSE,-,,,,,,,
Trubbish,Poison,,5,FALSE,36,,,,,,,
Garbodor,Poison,,5,FALSE,-,,,,,,,
Zorua,Dark,,5,FALSE,30,,,,,,,
Zoroark,Dark,,5,FALSE,-,,,,,,,
Minccino,Normal,,5,FALSE,Shiny Stone,,,,,,,
Cinccino,Normal,,5,FALSE,-,,,,,,,
Gothita,Psychic,,5,FALSE,32,,,,,,,
Gothorita,Psychic,,5,FALSE,41,,,,,,,
Gothitelle,Psychic,,5,FALSE,-,,,,,,,
Solosis,Psychic,,5,FALSE,32,,,,,,,
Duosion,Psychic,,5,FALSE,41,,,,,,,
Reuniclus,Psychic,,5,FALSE,-,,,,,,,
Ducklett,Water,Flying,5,FALSE,35,,,,,,,
Swanna,Water,Flying,5,FALSE,-,,,,,,,
Vanillite,Ice,,5,FALSE,35,,,,,,,
Vanillish,Ice,,5,FALSE,47,,,,,,,
Vanilluxe,Ice,,5,FALSE,-,,,,,,,
Deerling,Normal,Grass,5,FALSE,34,,,,,,,
Sawsbuck,Normal,Grass,5,FALSE,-,,,,,,,
Emolga,Electric,Flying,5,FALSE,-,,,,,,,
Karrablast,Bug,,5,FALSE,Trade with Shelmet,,,,,,,
Escavalier,Bug,Steel,5,FALSE,-,,,,,,,
Foongus,Grass,Poison,5,FALSE,39,,,,,,,
Amoonguss,Grass,Poison,5,FALSE,-,,,,,,,
Frillish,Water,Ghost,5,FALSE,40,,,,,,,
Jellicent,Water,Ghost,5,FALSE,-,,,,,,,
Alomomola,Water,,5,FALSE,-,,,,,,,
Joltik,Bug,Electric,5,FALSE,36,,,,,,,
Galvantula,Bug,Electric,5,FALSE,-,,,,,,,
Ferroseed,Grass,Steel,5,FALSE,40,,,,,,,
Ferrothorn,Grass,Steel,5,FALSE,-,,,,,,,
Klink,Steel,,5,FALSE,38,,,,,,,
Klang,Steel,,5,FALSE,49,,,,,,,
Klinklang,Steel,,5,FALSE,-,,,,,,,
Tynamo,Electric,,5,FALSE,39,,,,,,,
Eelektrik,Electric,,5,FALSE,Thunder Stone,,,,,,,
Eelektross,Electric,,5,FALSE,-,,,,,,,
Elgyem,Psychic,,5,FALSE,42,,,,,,,
Beheeyem,Psychic,,5,FALSE,-,,,,,,,
Litwick,Ghost,Fire,5,FALSE,41,,,,,,,
Lampent,Ghost,Fire,5,FALSE,Dusk Stone,,,,,,,
Chandelure,Ghost,Fire,5,FALSE,-,,,,,,,
Axew,Dragon,,5,FALSE,38,,,,,,,
Fraxure,Dragon,,5,FALSE,48,,,,,,,
Haxorus,Dragon,,5,FALSE,-,,,,,,,
Cubchoo,Ice,,5,FALSE,37,,,,,,,
Beartic,Ice,,5,FALSE,-,,,,,,,
Cryogonal,Ice,,5,FALSE,-,,,,,,,
Shelmet,Bug,,5,FALSE,Trade with Karrablast,,,,,,,
Accelgor,Bug,,5,FALSE,-,,,,,,,
Stunfisk,Ground,Electric,5,FALSE,-,,,,,,,
Mienfoo,Fighting,,5,FALSE,50,,,,,,,
Mienshao,Fighting,,5,FALSE,-,,,,,,,
Druddigon,Dragon,,5,FALSE,-,,,,,,,
Golett,Ground,Ghost,5,FALSE,43,,,,,,,
Golurk,Ground,Ghost,5,FALSE,-,,,,,,,
Pawniard,Dark,Steel,5,FALSE,52,,,,,,,
Bisharp,Dark,Steel,5,FALSE,-,,,,,,,
Bouffalant,Normal,,5,FALSE,-,,,,,,,
Rufflet,Normal,Flying,5,FALSE,54,,,,,,,
Braviary,Normal,Flying,5,FALSE,-,,,,,,,
Vullaby,Dark,Flying,5,FALSE,54,,,,,,,
Mandibuzz,Dark,Flying,5,FALSE,-,,,,,,,
Heatmor,Fire,,5,FALSE,-,,,,,,,
Durant,Bug,Steel,5,FALSE,-,,,,,,,
Deino,Dark,Dragon,5,FALSE,50,,,,,,,
Zweilous,Dark,Dragon,5,FALSE,64,,,,,,,
Hydreigon,Dark,Dragon,5,FALSE,-,,,,,,,
Larvesta,Bug,Fire,5,FALSE,59,,,,,,,
Volcarona,Bug,Fire,5,FALSE,-,,,,,,,
Cobalion,Steel,Fighting,5,TRUE,-,,,,,,,
Terrakion,Rock,Fighting,5,TRUE,-,,,,,,,
Virizion,Grass,Fighting,5,TRUE,-,,,,,,,
Tornadus,Flying,,5,TRUE,-,,,,,,,
Tornadus_Therian,Flying,,5,TRUE,-,,,,,,,
Thundurus,Electric,Flying,5,TRUE,-,,,,,,,
Thundurus_Therian,Electric,Flying,5,TRUE,-,,,,,,,
Reshiram,Dragon,Fire,5,TRUE,-,,,,,,,
Zekrom,Dragon,Electric,5,TRUE,-,,,,,,,
Landorus,Ground,Flying,5,TRUE,-,,,,,,,
Landorus_Therian,Ground,Flying,5,TRUE,-,,,,,,,
Kyurem,Dragon,Ice,5,TRUE,-,,,,,,,
Keldeo,Water,Fighting,5,FALSE,-,,,,,,,
Keldeo_Resolute,Water,Fighting,5,FALSE,-,,,,,,,
Meloetta,Normal,Psychic,5,FALSE,-,,,,,,,
Genesect,Bug,Steel,5,FALSE,-,,,,,,,
Chespin,Grass,,6,FALSE,16,,,,,,,
Quilladin,Grass,,6,FALSE,36,,,,,,,
Chesnaught,Grass,Fighting,6,FALSE,-,,,,,,,
Fennekin,Fire,,6,FALSE,16,,,,,,,
Braixen,Fire,,6,FALSE,36,,,,,,,
Delphox,Fire,Psychic,6,FALSE,-,,,,,,,
Froakie,Water,,6,FALSE,16,,,,,,,
Frogadier,Water,,6,FALSE,36,,,,,,,
Greninja,Water,Dark,6,FALSE,-,,,,,,,
Bunnelby,Normal,,6,FALSE,20,,,,,,,
Diggersby,Normal,Ground,6,FALSE,-,,,,,,,
Fletchling,Normal,Flying,6,FALSE,17,,,,,,,
Fletchinder,Fire,Flying,6,FALSE,35,,,,,,,
Talonflame,Fire,Flying,6,FALSE,,,,,,,,
Scatterbug,Bug,,6,FALSE,9,,,,,,,
Spewpa,Bug,,6,FALSE,12,,,,,,,
Vivillon,Bug,Flying,6,FALSE,-,,,,,,,
Litleo,Fire,Normal,6,FALSE,35,,,,,,,
Pyroar,Fire,Normal,6,FALSE,-,,,,,,,
Flabebe,Fairy,,6,FALSE,19,,,,,,,
Floette,Fairy,,6,FALSE,Shiny Stone,,,,,,,
Florges,Fairy,,6,FALSE,-,,,,,,,
Skiddo,Grass,,6,FALSE,32,,,,,,,
Gogoat,Grass,,6,FALSE,-,,,,,,,
Pancham,Fighting,,6,FALSE,"Level 32, dark type in party",,,,,,,
Pangoro,Fighting,Dark,6,FALSE,-,,,,,,,
Furfrou,Normal,,6,FALSE,-,,,,,,,
Espurr,Psychic,,6,FALSE,25,,,,,,,
Meowstic,Psychic,,6,FALSE,-,,,,,,,
Meowstic_Female,Psychic,,6,FALSE,-,,,,,,,
Honedge,Steel,Ghost,6,FALSE,35,,,,,,,
Doublade,Steel,Ghost,6,FALSE,Dusk Stone,,,,,,,
Aegislash,Steel,Ghost,6,FALSE,-,,,,,,,
Spritzee,Fairy,,6,FALSE,Trade holding Sachet,,,,,,,
Aromatisse,Fairy,,6,FALSE,-,,,,,,,
Swirlix,Fairy,,6,FALSE,Trade holding Whipped Dream,,,,,,,
Slurpuff,Fairy,,6,FALSE,-,,,,,,,
Inkay,Dark,Psychic,6,FALSE,"30, holding console upside down",,,,,,,
Malamar,Dark,Psychic,6,FALSE,-,,,,,,,
Binacle,Rock,Water,6,FALSE,39,,,,,,,
Barbaracle,Rock,Water,6,FALSE,-,,,,,,,
Skrelp,Poison,Water,6,FALSE,48,,,,,,,
Dragalge,Poison,Dragon,6,FALSE,-,,,,,,,
Clauncher,Water,,6,FALSE,37,,,,,,,
Clawitzer,Water,,6,FALSE,-,,,,,,,
Helioptile,Electric,Normal,6,FALSE,Sun Stone,,,,,,,
Heliolisk,Electric,Normal,6,FALSE,-,,,,,,,
Tyrunt,Rock,Dragon,6,FALSE,"39, daytime",,,,,,,
Tyrantrum,Rock,Dragon,6,FALSE,-,,,,,,,
Amaura,Rock,Ice,6,FALSE,"39, Nighttime",,,,,,,
Aurorus,Rock,Ice,6,FALSE,-,,,,,,,
Sylveon,Fairy,,6,FALSE,-,,,,,,,
Hawlucha,Fighting,Flying,6,FALSE,-,,,,,,,
Dedenne,Electric,Fairy,6,FALSE,-,,,,,,,
Carbink,Rock,Fairy,6,FALSE,-,,,,,,,
Goomy,Dragon,,6,FALSE,40,,,,,,,
Sliggoo,Dragon,,6,FALSE,"50, during rain",,,,,,,
Goodra,Dragon,,6,FALSE,-,,,,,,,
Klefki,Steel,Fairy,6,FALSE,-,,,,,,,
Phantump,Ghost,Grass,6,FALSE,Trade,,,,,,,
Trevenant,Ghost,Grass,6,FALSE,-,,,,,,,
Pumpkaboo,Ghost,Grass,6,FALSE,Trade,,,,,,,
Gourgeist,Ghost,Grass,6,FALSE,-,,,,,,,
Bergmite,Ice,,6,FALSE,37,,,,,,,
Avalugg,Ice,,6,FALSE,-,,,,,,,
Noibat,Flying,Dragon,6,FALSE,48,,,,,,,
Noivern,Flying,Dragon,6,FALSE,-,,,,,,,
Xerneas,Fairy,,6,TRUE,-,,,,,,,
Yveltal,Dark,Flying,6,TRUE,-,,,,,,,
Zygarde,Dragon,Ground,6,TRUE,-,,,,,,,
Diancie,Rock,Fairy,6,TRUE,-,,,,,,,
Hoopa,Psychic,Ghost,6,TRUE,-,,,,,,,
Hoopa_Unbound,Psychic,Ghost,6,TRUE,-,,,,,,,
Volcanion,Fire,Water,6,TRUE,-,,,,,,,
Rowlet,Grass,Flying,7,FALSE,17,,,,,,,
Dartrix,Grass,Flying,7,FALSE,34,,,,,,,
Decidueye,Grass,Ghost,7,FALSE,-,,,,,,,
Litten,Fire,,7,FALSE,17,,,,,,,
Torracat,Fire,,7,FALSE,34,,,,,,,
Incineroar,Fire,Dark,7,FALSE,,,,,,,,
Popplio,Water,,7,FALSE,17,,,,,,,
Brionne,Water,,7,FALSE,34,,,,,,,
Primarina,Water,Fairy,7,FALSE,-,,,,,,,
Pikipek,Normal,Flying,7,FALSE,14,,,,,,,
Trumbeak,Normal,Flying,7,FALSE,28,,,,,,,
Toucannon,Normal,Flying,7,FALSE,-,,,,,,,
Yungoos,Normal,,7,FALSE,"20, daytime",,,,,,,
Gumshoos,Normal,,7,FALSE,-,,,,,,,
Grubbin,Bug,,7,FALSE,20,,,,,,,
Charjabug,Bug,Electric,7,FALSE,Magnetic field,,,,,,,
Vikavolt,Bug,Electric,7,FALSE,-,,,,,,,
Crabrawler,Fighting,,7,FALSE,At Mount Lanakila,,,,,,,
Crabominable,Fighting,Ice,7,FALSE,-,,,,,,,
Oricorio,Fire,Flying,7,FALSE,-,,,,,,,
Oricorio_Pom_Pom,Electric,Flying,7,FALSE,-,,,,,,,
Oricorio_Pau,Psychic,Flying,7,FALSE,-,,,,,,,
Oricorio_Sensu,Ghost,Flying,7,FALSE,-,,,,,,,
Cutiefly,Bug,Fairy,7,FALSE,25,,,,,,,
Ribombee,Bug,Fairy,7,FALSE,-,,,,,,,
Rockruff,Rock,,7,FALSE,"25, dayttime in Ultra Sun",,,,,,,
Lycanroc,Rock,,7,FALSE,-,,,,,,,
Lycanroc_Midnight,Rock,,7,FALSE,-,,,,,,,
Lycanroc_Dusk,Rock,,7,FALSE,-,,,,,,,
Wishiwashi,Water,,7,FALSE,-,,,,,,,
Mareanie,Poison,Water,7,FALSE,38,,,,,,,
Toxapex,Poison,Water,7,FALSE,-,,,,,,,
Mudbray,Ground,,7,FALSE,30,,,,,,,
Mudsdale,Ground,,7,FALSE,-,,,,,,,
Dewpider,Water,Bug,7,FALSE,22,,,,,,,
Araquanid,Water,Bug,7,FALSE,-,,,,,,,
Fomantis,Grass,,7,FALSE,"34, daytime",,,,,,,
Lurantis,Grass,,7,FALSE,,,,,,,,
Morelull,Grass,Fairy,7,FALSE,24,,,,,,,
Shiinotic,Grass,Fairy,7,FALSE,-,,,,,,,
Salandit,Poison,Fire,7,FALSE,"33, female",,,,,,,
Salazzle,Poison,Fire,7,FALSE,-,,,,,,,
Stufful,Normal,Fighting,7,FALSE,27,,,,,,,
Bewear,Normal,Fighting,7,FALSE,-,,,,,,,
Bounsweet,Grass,,7,FALSE,18,,,,,,,
Steenee,Grass,,7,FALSE,After Stomp Learned,,,,,,,
Tsareena,Grass,,7,FALSE,-,,,,,,,
Comfey,Fairy,,7,FALSE,-,,,,,,,
Oranguru,Normal,Psychic,7,FALSE,-,,,,,,,
Passimian,Fighting,,7,FALSE,-,,,,,,,
Wimpod,Bug,Water,7,FALSE,30,,,,,,,
Golisopod,Bug,Water,7,FALSE,-,,,,,,,
Sandygast,Ghost,Ground,7,FALSE,42,,,,,,,
Palossand,Ghost,Ground,7,FALSE,-,,,,,,,
Pyukumuku,Water,,7,FALSE,-,,,,,,,
Type_Null,Normal,,7,TRUE,High Friendship,,,,,,,
Silvally,Normal,,7,TRUE,-,,,,,,,
Minior,Rock,Flying,7,FALSE,- ,,,,,,,
Komala,Normal,,7,FALSE,-,,,,,,,
Turtonator,Fire,Dragon,7,FALSE,-,,,,,,,
Togedemaru,Electric,Steel,7,FALSE,-,,,,,,,
Mimikyu,Ghost,Fairy,7,FALSE,-,,,,,,,
Bruxish,Water,Psychic,7,FALSE,-,,,,,,,
Drampa,Normal,Dragon,7,FALSE,-,,,,,,,
Dhelmise,Ghost,Grass,7,FALSE,-,,,,,,,
Jangmo_o,Dragon,,7,FALSE,35,,,,,,,
Hakamo_o,Dragon,Fighting,7,FALSE,45,,,,,,,
Kommo_o,Dragon,Fighting,7,FALSE,-,,,,,,,
Tapu_Koko,Electric,Fairy,7,FALSE,-,,,,,,,
Tapu_Lele,Psychic,Fairy,7,FALSE,-,,,,,,,
Tapu_Bulu,Grass ,Fairy,7,FALSE,-,,,,,,,
Tapu_Fini,Water,Fairy,7,FALSE,-,,,,,,,
Cosmog,Psychic,,7,FALSE,43,,,,,,,
Cosmoen,Psychic,,7,FALSE,"53, in Sun or Ultra Sun",,,,,,,
Solgaleo,Psychic,Steel,7,FALSE,-,,,,,,,
Lunala,Psychic,Ghost,7,FALSE,-,,,,,,,
Nihilego,Rock,Poison,7,FALSE,-,,,,,,,
Buzzwole,Bug,Fighting,7,FALSE,-,,,,,,,
Pheromosa,Bug,Fighting,7,FALSE,-,,,,,,,
Xurkitree,Electric,,7,FALSE,-,,,,,,,
Celesteela,Steel,Flying,7,FALSE,-,,,,,,,
Kartana,Grass,Steel,7,FALSE,-,,,,,,,
Guzzlord,Dark,Dragon,7,FALSE,-,,,,,,,
Necrozma,Psychic,,7,FALSE,-,,,,,,,
Magearna,Steel,Fairy,7,FALSE,-,,,,,,,
Marshadow,Fighting,Ghost,7,FALSE,-,,,,,,,
Poipole,Poison,,7,FALSE,After Dragon Pulse learned,,,,,,,
Naganadel,Poison,Dragon,7,FALSE,-,,,,,,,
Stakataka,Rock,Steel,7,FALSE,-,,,,,,,
Blacephalon,Fire,Ghost,7,FALSE,-,,,,,,,
Zeraora,Electric,,7,FALSE,-,,,,,,,