Trainer Name / Item Name,Location,Type,Location_Type,Script_or_Flag,PostScript (Leave blank if you don't know what this is),Hidden,Requirements,Requirements 2,Requirements 3,Requirements Alternative,Requirements Alternative 2,,,,
ITEM_HARBOR_MAIL,Abandoned Ship,Normal Item,Item Ball,FLAG_ITEM_ABANDONED_SHIP_ROOMS_1F_HARBOR_MAIL,,FALSE,,,,,,,,,Working
ITEM_DIVE_BALL,Abandoned Ship,Normal Item,Item Ball,FLAG_ITEM_ABANDONED_SHIP_ROOMS_2_B1F_DIVE_BALL,,FALSE,,,,,,,,,Working with Issues
ITEM_ESCAPE_ROPE,Abandoned Ship,Normal Item,Item Ball,FLAG_ITEM_ABANDONED_SHIP_ROOMS_B1F_ESCAPE_ROPE,,FALSE,,,,,,,,,Not Working
ITEM_REVIVE,Abandoned Ship,Normal Item,Item Ball,FLAG_ITEM_ABANDONED_SHIP_ROOMS_2_1F_REVIVE,,FALSE,,,,,,,,,
ITEM_STORAGE_KEY,Abandoned Ship,Normal Item,Item Ball,FLAG_ITEM_ABANDONED_SHIP_CAPTAINS_OFFICE_STORAGE_KEY,,FALSE,,,,,,,,,
ITEM_TM_ICE_BEAM,Abandoned Ship,Normal Item,Item Ball,FLAG_ITEM_ABANDONED_SHIP_ROOMS_B1F_TM_ICE_BEAM,,FALSE,,,,,,,,,
ITEM_WATER_STONE,Abandoned Ship,Normal Item,Item Ball,FLAG_ITEM_ABANDONED_SHIP_HIDDEN_FLOOR_ROOM_3_WATER_STONE,,FALSE,ITEM_HM08,,,,,,,,
ITEM_KEY_TO_ROOM_1,Abandoned Ship,Normal Item,Hidden Item,FLAG_HIDDEN_ITEM_ABANDONED_SHIP_RM_1_KEY,,TRUE,ITEM_HM08,,,,,,,,
ITEM_TM_RAIN_DANCE,Abandoned Ship,Normal Item,Item Ball,FLAG_ITEM_ABANDONED_SHIP_HIDDEN_FLOOR_ROOM_1_TM_RAIN_DANCE,,FALSE,ITEM_KEY_TO_ROOM_1,ITEM_HM08,,,,,,,
ITEM_KEY_TO_ROOM_4,Abandoned Ship,Normal Item,Hidden Item,FLAG_HIDDEN_ITEM_ABANDONED_SHIP_RM_4_KEY,,TRUE,ITEM_KEY_TO_ROOM_1,ITEM_HM08,,,,,,,
ITEM_KEY_TO_ROOM_6,Abandoned Ship,Normal Item,Hidden Item,FLAG_HIDDEN_ITEM_ABANDONED_SHIP_RM_6_KEY,,TRUE,ITEM_HM08,ITEM_KEY_TO_ROOM_4,,,,,,,
ITEM_LUXURY_BALL,Abandoned Ship,Normal Item,Item Ball,FLAG_ITEM_ABANDONED_SHIP_HIDDEN_FLOOR_ROOM_6_LUXURY_BALL,,FALSE,ITEM_KEY_TO_ROOM_6,ITEM_HM08,,,,,,,
ITEM_KEY_TO_ROOM_2,Abandoned Ship,Normal Item,Hidden Item,FLAG_HIDDEN_ITEM_ABANDONED_SHIP_RM_2_KEY,,TRUE,ITEM_HM08,ITEM_KEY_TO_ROOM_4,,,,,,,
ITEM_SCANNER,Abandoned Ship,Normal Item,Item Ball,FLAG_ITEM_ABANDONED_SHIP_HIDDEN_FLOOR_ROOM_2_SCANNER,,FALSE,ITEM_KEY_TO_ROOM_2,ITEM_HM08,,,,,,,
TRAINER_Thalia_1,Abandoned Ship,Trainer,Trainer,TRAINER_Thalia_1_EVENTSCRIPT_ITEM,,FALSE,,,,,,,,,
TRAINER_Demetrius,Abandoned Ship,Trainer,Trainer,TRAINER_Demetrius_EVENTSCRIPT_ITEM,,FALSE,,,,,,,,,
TRAINER_Duncan,Abandoned Ship,Trainer,Trainer,TRAINER_Duncan_EVENTSCRIPT_ITEM,,FALSE,,,,,,,,,
TRAINER_Charlie,Abandoned Ship,Trainer,Trainer,TRAINER_Charlie_EVENTSCRIPT_ITEM,,FALSE,,,,,,,,,
TRAINER_Garrison,Abandoned Ship,Trainer,Trainer,TRAINER_Garrison_EVENTSCRIPT_ITEM,,FALSE,,,,,,,,,
TRAINER_Jani,Abandoned Ship,Trainer,Trainer,TRAINER_Jani_EVENTSCRIPT_ITEM,,FALSE,,,,,,,,,
TRAINER_Kira_And_Dan_1,Abandoned Ship,Trainer,Trainer,TRAINER_Kira_And_Dan_1_EVENTSCRIPT_ITEM,,FALSE,,,,,,,,,
Registeel,Ancient Tomb,Trainer,Legendary Pokemon,Registeel_Item,,FALSE,,,,,,,,,
ITEM_MASTER_BALL,Aqua Hideout,Normal Item,Item Ball,FLAG_ITEM_AQUA_HIDEOUT_B1F_MASTER_BALL,,FALSE,,,,,,,,,
ITEM_NUGGET,Aqua Hideout,Normal Item,Item Ball,FLAG_ITEM_AQUA_HIDEOUT_B1F_NUGGET,,FALSE,,,,,,,,,
ITEM_MAX_ELIXIR,Aqua Hideout,Normal Item,Item Ball,FLAG_ITEM_AQUA_HIDEOUT_B1F_MAX_ELIXIR,,FALSE,,,,,,,,,
ITEM_NEST_BALL,Aqua Hideout,Normal Item,Item Ball,FLAG_ITEM_AQUA_HIDEOUT_B2F_NEST_BALL,,FALSE,,,,,,,,,
SPECIES_ELECTRODE,Aqua Hideout,Trap,Item Ball,FLAG_HIDE_AQUA_HIDEOUT_B1F_ELECTRODE_1,,FALSE,,,,,,,,,
SPECIES_ELECTRODE,Aqua Hideout,Trap,Item Ball,FLAG_HIDE_AQUA_HIDEOUT_B1F_ELECTRODE_2,,FALSE,,,,,,,,,
TRAINER_Grunt_Aqua_Hideout_1,Aqua Hideout,Trainer,Trainer,TRAINER_Grunt_Aqua_Hideout_1_EVENTSCRIPT_ITEM,,FALSE,,,,,,,,,
TRAINER_Grunt_Aqua_Hideout_2,Aqua Hideout,Trainer,Trainer,TRAINER_Grunt_Aqua_Hideout_2_EVENTSCRIPT_ITEM,,FALSE,,,,,,,,,
TRAINER_Grunt_Aqua_Hideout_3,Aqua Hideout,Trainer,Trainer,TRAINER_Grunt_Aqua_Hideout_3_EVENTSCRIPT_ITEM,,FALSE,,,,,,,,,
TRAINER_Grunt_Aqua_Hideout_4,Aqua Hideout,Trainer,Trainer,TRAINER_Grunt_Aqua_Hideout_4_EVENTSCRIPT_ITEM,,FALSE,,,,,,,,,
TRAINER_Grunt_Aqua_Hideout_5,Aqua Hideout,Trainer,Trainer,TRAINER_Grunt_Aqua_Hideout_5_EVENTSCRIPT_ITEM,,FALSE,,,,,,,,,
TRAINER_Grunt_Aqua_Hideout_6,Aqua Hideout,Trainer,Trainer,TRAINER_Grunt_Aqua_Hideout_6_EVENTSCRIPT_ITEM,,FALSE,,,,,,,,,
TRAINER_Grunt_Aqua_Hideout_7,Aqua Hideout,Trainer,Trainer,TRAINER_Grunt_Aqua_Hideout_7_EVENTSCRIPT_ITEM,,FALSE,,,,,,,,,
TRAINER_Grunt_Aqua_Hideout_8,Aqua Hideout,Trainer,Trainer,TRAINER_Grunt_Aqua_Hideout_8_EVENTSCRIPT_ITEM,,FALSE,,,,,,,,,
TRAINER_Matt,Aqua Hideout,Trainer,Trainer,TRAINER_Matt_EVENTSCRIPT_ITEM,,FALSE,,,,,,,,,
Deoxys,Birth Island,Trainer,Legendary Pokemon,Deoxys_Item,,FALSE,,,,,,,,,
SPECIES_REGIROCK,Desert Ruins,Trainer,Legendary Pokemon,Regirock_Item,,FALSE,,,,,,,,,
ITEM_ROOT_FOSSIL,Desert Underpass,Normal Item,NPC,,,FALSE,,,,,,,,,
ITEM_CLAW_FOSSIL,Desert Underpass,Normal Item,NPC,,,FALSE,,,,,,,,,
TRAINER_Laura,Dewford Gym,Trainer,Trainer,TRAINER_Laura_EVENTSCRIPT_ITEM,,FALSE,,,,,,,,,
TRAINER_Lilith,Dewford Gym,Trainer,Trainer,TRAINER_Lilith_EVENTSCRIPT_ITEM,,FALSE,,,,,,,,,
TRAINER_Brenden,Dewford Gym,Trainer,Trainer,TRAINER_Brenden_EVENTSCRIPT_ITEM,,FALSE,,,,,,,,,
TRAINER_Cristian,Dewford Gym,Trainer,Trainer,TRAINER_Cristian_EVENTSCRIPT_ITEM,,FALSE,,,,,,,,,
TRAINER_Jocelyn,Dewford Gym,Trainer,Trainer,TRAINER_Jocelyn_EVENTSCRIPT_ITEM,,FALSE,,,,,,,,,
TRAINER_Brawly_1,Dewford Gym,Trainer,Trainer,TRAINER_Brawly_1_EVENTSCRIPT_ITEM,,FALSE,,,,,,,,,
FLAG_BADGE02_GET,Dewford Gym,Badge,Gym Leader,,,FALSE,,,,,,,,,
ITEM_OLD_ROD,Dewford,Normal Item,NPC,,,FALSE,,,,,,,,,
ITEM_SILK_SCARF,Dewford,Normal Item,NPC,,,FALSE,,,,,,,,,
ITEM_TM36,Dewford,Normal Item,NPC,,,FALSE,,,,,,,,,
TRAINER_Drake,Ever Grand City,Trainer,Trainer,TRAINER_Drake_EVENTSCRIPT_ITEM,,FALSE,,,,,,,,,
TRAINER_Phoebe,Ever Grand City,Trainer,Trainer,TRAINER_Phoebe_EVENTSCRIPT_ITEM,,FALSE,,,,,,,,,
TRAINER_Glacia,Ever Grand City,Trainer,Trainer,TRAINER_Glacia_EVENTSCRIPT_ITEM,,FALSE,,,,,,,,,
TRAINER_SIDNEY,Ever Grand City,Trainer,Trainer,TRAINER_SIDNEY_EVENTSCRIPT_ITEM,,FALSE,,,,,,,,,
ITEM_NUGGET,Fallarbor Town,Normal Item,Hidden Item,FLAG_HIDDEN_ITEM_FALLARBOR_TOWN_NUGGET,,TRUE,,,,,,,,,
ITEM_TM27,Fallarbor Town,TM,NPC,,,FALSE,ITEM_METEORITE,,,,,,,,
SPECIES_MEW,Faraway Island,Trainer,Legendary Pokemon,Mew_Item,,FALSE,ITEM_OLD_SEA_MAP,,,,,,,,
ITEM_FIRE_STONE,Fiery Path,Normal Item,Item Ball,FLAG_ITEM_FIERY_PATH_FIRE_STONE,,FALSE,,,,,,,,,
ITEM_TM_TOXIC,Fiery Path,Normal Item,Item Ball,FLAG_ITEM_FIERY_PATH_TM_TOXIC,,FALSE,,,,,,,,,
ITEM_TM_HIDDEN_POWER,Fortree,Normal Item,NPC,,,FALSE,,,,,,,,,
ITEM_MENTAL_HERB,Fortree,Normal Item,NPC,,,FALSE,,,,,,,,,
TRAINER_Jared,Fortree Gym,Trainer,Trainer,TRAINER_Jared_EVENTSCRIPT_ITEM,,FALSE,,,,,,,,,
TRAINER_Humberto,Fortree Gym,Trainer,Trainer,TRAINER_Humberto_EVENTSCRIPT_ITEM,,FALSE,,,,,,,,,
TRAINER_Ashley,Fortree Gym,Trainer,Trainer,TRAINER_Ashley_EVENTSCRIPT_ITEM,,FALSE,,,,,,,,,
TRAINER_Flint,Fortree Gym,Trainer,Trainer,TRAINER_Flint_EVENTSCRIPT_ITEM,,FALSE,,,,,,,,,
TRAINER_Edwardo,Fortree Gym,Trainer,Trainer,TRAINER_Edwardo_EVENTSCRIPT_ITEM,,FALSE,,,,,,,,,
TRAINER_Darius,Fortree Gym,Trainer,Trainer,TRAINER_Darius_EVENTSCRIPT_ITEM,,FALSE,,,,,,,,,
TRAINER_Winona_1,Fortree Gym,Trainer,Trainer,TRAINER_Winona_1_EVENTSCRIPT_ITEM,,FALSE,,,,,,,,,
FLAG_BADGE06_GET,Fortree Gym,Badge,Gym Leader,,,FALSE,,,,,,,,,
ITEM_REPEL,Granite Cave,Normal Item,Item Ball,FLAG_ITEM_GRANITE_CAVE_B2F_REPEL,,FALSE,,,,,,,,,
ITEM_HM05,Granite Cave,Normal Item,NPC,,,FALSE,,,,,,,,,
ITEM_ESCAPE_ROPE,Granite Cave,Normal Item,Item Ball,FLAG_ITEM_GRANITE_CAVE_1F_ESCAPE_ROPE,,FALSE,,,,,,,,,
ITEM_POKE_BALL,Granite Cave,Normal Item,Item Ball,FLAG_ITEM_GRANITE_CAVE_B1F_POKE_BALL,,FALSE,,,,,,,,,
ITEM_EVERSTONE,Granite Cave,Normal Item,Hidden Item,FLAG_HIDDEN_ITEM_GRANITE_CAVE_B2F_EVERSTONE_1,,TRUE,,,,,,,,,
ITEM_EVERSTONE,Granite Cave,Normal Item,Hidden Item,FLAG_HIDDEN_ITEM_GRANITE_CAVE_B2F_EVERSTONE_2,,TRUE,ITEM_MACH_BIKE,,,,,,,,
ITEM_TM47,Granite Cave,Normal Item,NPC,,,FALSE,ITEM_LETTER,,,,,,,,
ITEM_RARE_CANDY,Granite Cave,Normal Item,Item Ball,FLAG_ITEM_GRANITE_CAVE_B2F_RARE_CANDY,,FALSE,,,,,,,,,
SPECIES_REGICE,Island Cave,Trainer,Legendary Pokemon,Regice_Item,,FALSE,,,,,,,,,
ITEM_FULL_HEAL,Jagged Pass,Normal Item,Hidden Item,FLAG_HIDDEN_ITEM_JAGGED_PASS_FULL_HEAL,,TRUE,,,,,,,,,
ITEM_BURN_HEAL,Jagged Pass,Normal Item,Item Ball,FLAG_ITEM_JAGGED_PASS_BURN_HEAL,,FALSE,,,,,,,,,
ITEM_GREAT_BALL,Jagged Pass,Normal Item,Hidden Item,FLAG_HIDDEN_ITEM_JAGGED_PASS_GREAT_BALL,,TRUE,,,,,,,,,
TRAINER_Eric,Jagged Pass,Trainer,Trainer,TRAINER_Eric_EVENTSCRIPT_ITEM,,FALSE,,,,,,,,,
TRAINER_Grunt_Jagged_Pass,Jagged Pass,Trainer,Trainer,TRAINER_Grunt_Jagged_Pass_EVENTSCRIPT_ITEM,,FALSE,,,,,,,,,
TRAINER_Diana_1,Jagged Pass,Trainer,Trainer,TRAINER_Diana_1_EVENTSCRIPT_ITEM,,FALSE,,,,,,,,,
TRAINER_Autumn,Jagged Pass,Trainer,Trainer,TRAINER_Autumn_EVENTSCRIPT_ITEM,,FALSE,,,,,,,,,
TRAINER_Julio,Jagged Pass,Trainer,Trainer,TRAINER_Julio_EVENTSCRIPT_ITEM,,FALSE,,,,,,,,,
TRAINER_Ethan_1,Jagged Pass,Trainer,Trainer,TRAINER_Ethan_1_EVENTSCRIPT_ITEM,,FALSE,,,,,,,,,
ITEM_ICE_HEAL,Lavaridge,Normal Item,Hidden Item,FLAG_HIDDEN_ITEM_LAVARIDGE_TOWN_ICE_HEAL,,TRUE,,,,,,,,,
ITEM_CHARCOAL,Lavaridge,Normal Item,NPC,,,FALSE,,,,,,,,,
ITEM_GO_GOGGLES,Lavaridge,Normal Item,NPC,,,FALSE,,,,,,,,,
SPECIES_WYNAUT,Lavaridge,Egg,NPC,,,FALSE,,,,,,,,,
TRAINER_Jeff,Lavaridge Gym,Trainer,Trainer,TRAINER_Jeff_EVENTSCRIPT_ITEM,,FALSE,,,,,,,,,
TRAINER_Jace,Lavaridge Gym,Trainer,Trainer,TRAINER_Jace_EVENTSCRIPT_ITEM,,FALSE,,,,,,,,,
TRAINER_Eli,Lavaridge Gym,Trainer,Trainer,TRAINER_Eli_EVENTSCRIPT_ITEM,,FALSE,,,,,,,,,
TRAINER_Cole,Lavaridge Gym,Trainer,Trainer,TRAINER_Cole_EVENTSCRIPT_ITEM,,FALSE,,,,,,,,,
TRAINER_Gerald,Lavaridge Gym,Trainer,Trainer,TRAINER_Gerald_EVENTSCRIPT_ITEM,,FALSE,,,,,,,,,
TRAINER_Axle,Lavaridge Gym,Trainer,Trainer,TRAINER_Axle_EVENTSCRIPT_ITEM,,FALSE,,,,,,,,,
TRAINER_Keegan,Lavaridge Gym,Trainer,Trainer,TRAINER_Keegan_EVENTSCRIPT_ITEM,,FALSE,,,,,,,,,
TRAINER_Danielle,Lavaridge Gym,Trainer,Trainer,TRAINER_Danielle_EVENTSCRIPT_ITEM,,FALSE,,,,,,,,,
TRAINER_Flannery_1,Lavaridge Gym,Trainer,Trainer,TRAINER_Flannery_1_EVENTSCRIPT_ITEM,,FALSE,,,,,,,,,
FLAG_BADGE04_GET,Lavaridge Gym,Badge,Gym Leader,,,FALSE,,,,,,,,,
ITEM_TM44,Lillycove,Normal Item,NPC,,,FALSE,,,,,,,,,
ITEM_PP_UP,Lillycove,Normal Item,Hidden Item,FLAG_HIDDEN_ITEM_LILYCOVE_CITY_PP_UP,,TRUE,,,,,,,,,
ITEM_POKE_BALL,Lillycove,Normal Item,Hidden Item,FLAG_HIDDEN_ITEM_LILYCOVE_CITY_POKE_BALL,,TRUE,,,,,,,,,
ITEM_HEART_SCALE,Lillycove,Normal Item,Hidden Item,FLAG_HIDDEN_ITEM_LILYCOVE_CITY_HEART_SCALE,,TRUE,,,,,,,,,
ITEM_MAX_REPEL,Lillycove,Normal Item,Item Ball,FLAG_ITEM_LILYCOVE_CITY_MAX_REPEL,,FALSE,,,,,,,,,
TRAINER_May_Lilycove_Mudkip,Lillycove,Trainer,Trainer,TRAINER_MAY_LILLYCOVE_MUDKIP_EVENTSCRIPT_ITEM,,FALSE,,,,,,,,,
ITEM_POKE_BALL 5,Littleroot,Normal Item,NPC,,,FALSE,,,,,,,,,
ITEM_RARE_CANDY,Magma Hideout,Normal Item,Item Ball,FLAG_ITEM_MAGMA_HIDEOUT_1F_RARE_CANDY,,FALSE,,,,,,,,,
ITEM_NUGGET,Magma Hideout,Normal Item,Item Ball,FLAG_ITEM_MAGMA_HIDEOUT_3F_1R_NUGGET,,FALSE,,,,,,,,,
ITEM_MAX_REVIVE,Magma Hideout,Normal Item,Item Ball,FLAG_ITEM_MAGMA_HIDEOUT_4F_MAX_REVIVE,,FALSE,,,,,,,,,
ITEM_ESCAPE_ROPE,Magma Hideout,Normal Item,Item Ball,FLAG_ITEM_MAGMA_HIDEOUT_3F_3R_ECAPE_ROPE,,FALSE,,,,,,,,,
ITEM_PP_MAX,Magma Hideout,Normal Item,Item Ball,FLAG_ITEM_MAGMA_HIDEOUT_3F_2R_PP_MAX,,FALSE,,,,,,,,,
ITEM_FULL_RESTORE,Magma Hideout,Normal Item,Item Ball,FLAG_ITEM_MAGMA_HIDEOUT_2F_2R_FULL_RESTORE,,FALSE,,,,,,,,,
ITEM_MAX_ELIXIR,Magma Hideout,Normal Item,Item Ball,FLAG_ITEM_MAGMA_HIDEOUT_2F_2R_MAX_ELIXIR,,FALSE,,,,,,,,,
TRAINER_Grunt_Magma_Hideout_1,Magma Hideout,Trainer,Trainer,TRAINER_Grunt_Magma_Hideout_1_EVENTSCRIPT_ITEM,,FALSE,,,,,,,,,
TRAINER_Grunt_Magma_Hideout_2,Magma Hideout,Trainer,Trainer,TRAINER_Grunt_Magma_Hideout_2_EVENTSCRIPT_ITEM,,FALSE,,,,,,,,,
TRAINER_Grunt_Magma_Hideout_3,Magma Hideout,Trainer,Trainer,TRAINER_Grunt_Magma_Hideout_3_EVENTSCRIPT_ITEM,,FALSE,,,,,,,,,
TRAINER_Grunt_Magma_Hideout_4,Magma Hideout,Trainer,Trainer,TRAINER_Grunt_Magma_Hideout_4_EVENTSCRIPT_ITEM,,FALSE,,,,,,,,,
TRAINER_Grunt_Magma_Hideout_5,Magma Hideout,Trainer,Trainer,TRAINER_Grunt_Magma_Hideout_5_EVENTSCRIPT_ITEM,,FALSE,,,,,,,,,
TRAINER_Grunt_Magma_Hideout_6,Magma Hideout,Trainer,Trainer,TRAINER_Grunt_Magma_Hideout_6_EVENTSCRIPT_ITEM,,FALSE,,,,,,,,,
TRAINER_Grunt_Magma_Hideout_7,Magma Hideout,Trainer,Trainer,TRAINER_Grunt_Magma_Hideout_7_EVENTSCRIPT_ITEM,,FALSE,,,,,,,,,
TRAINER_Grunt_Magma_Hideout_8,Magma Hideout,Trainer,Trainer,TRAINER_Grunt_Magma_Hideout_8_EVENTSCRIPT_ITEM,,FALSE,,,,,,,,,
TRAINER_Grunt_Magma_Hideout_9,Magma Hideout,Trainer,Trainer,TRAINER_Grunt_Magma_Hideout_9_EVENTSCRIPT_ITEM,,FALSE,,,,,,,,,
TRAINER_Grunt_Magma_Hideout_10,Magma Hideout,Trainer,Trainer,TRAINER_Grunt_Magma_Hideout_10_EVENTSCRIPT_ITEM,,FALSE,,,,,,,,,
TRAINER_Grunt_Magma_Hideout_11,Magma Hideout,Trainer,Trainer,TRAINER_Grunt_Magma_Hideout_11_EVENTSCRIPT_ITEM,,FALSE,,,,,,,,,
TRAINER_Grunt_Magma_Hideout_12,Magma Hideout,Trainer,Trainer,TRAINER_Grunt_Magma_Hideout_12_EVENTSCRIPT_ITEM,,FALSE,,,,,,,,,
TRAINER_Grunt_Magma_Hideout_13,Magma Hideout,Trainer,Trainer,TRAINER_Grunt_Magma_Hideout_13_EVENTSCRIPT_ITEM,,FALSE,,,,,,,,,
TRAINER_Grunt_Magma_Hideout_14,Magma Hideout,Trainer,Trainer,TRAINER_Grunt_Magma_Hideout_14_EVENTSCRIPT_ITEM,,FALSE,,,,,,,,,
TRAINER_Grunt_Magma_Hideout_15,Magma Hideout,Trainer,Trainer,TRAINER_Grunt_Magma_Hideout_15_EVENTSCRIPT_ITEM,,FALSE,,,,,,,,,
TRAINER_Grunt_Magma_Hideout_16,Magma Hideout,Trainer,Trainer,TRAINER_Grunt_Magma_Hideout_16_EVENTSCRIPT_ITEM,,FALSE,,,,,,,,,
TRAINER_Tabitha_Magma_Hideout,Magma Hideout,Trainer,Trainer,TRAINER_Tabitha_Magma_Hideout_EVENTSCRIPT_ITEM,,FALSE,,,,,,,,,
TRAINER_Maxie_Magma_Hideout,Magma Hideout,Trainer,Trainer,TRAINER_Maxie_Magma_Hideout_EVENTSCRIPT_ITEM,,FALSE,,,,,,,,,
SPECIES_KYOGRE,Marine Cave,Trainer,Legendary Pokemon,Kyogre_Item,,FALSE,,,,,,,,,
ITEM_COIN_CASE,Mauville City,Normal Item,NPC,,,FALSE,ITEM_HARBOR_MAIL,,,,,,,,
ITEM_X_SPEED,Mauville City,Normal Item,Item Ball,FLAG_ITEM_MAUVILLE_CITY_X_SPEED,,FALSE,,,,,,,,,
ITEM_HM06,Mauville City,Normal Item,NPC,,,FALSE,,,,,,,,,
ITEM_BASEMENT_KEY,Mauville City,Normal Item,NPC,,,FALSE,,,,,,,,,
ITEM_TM24,Mauville City,Normal Item,NPC,,,FALSE,,,,,,,,,
TRAINER_Wally_Mauville,Mauville City,Trainer,Trainer,TRAINER_Wally_Mauville_EVENTSCRIPT_ITEM,,FALSE,,,,,,,,,
TRAINER_Vivian,Mauville Gym,Trainer,Trainer,TRAINER_Vivian_EVENTSCRIPT_ITEM,,FALSE,,,,,,,,,
TRAINER_Kirk,Mauville Gym,Trainer,Trainer,TRAINER_Kirk_EVENTSCRIPT_ITEM,,FALSE,,,,,,,,,
TRAINER_Ben,Mauville Gym,Trainer,Trainer,TRAINER_Ben_EVENTSCRIPT_ITEM,,FALSE,,,,,,,,,
TRAINER_Angelo,Mauville Gym,Trainer,Trainer,TRAINER_Angelo_EVENTSCRIPT_ITEM,,FALSE,,,,,,,,,
TRAINER_Shawn,Mauville Gym,Trainer,Trainer,TRAINER_Shawn_EVENTSCRIPT_ITEM,,FALSE,,,,,,,,,
TRAINER_Wattson_1,Mauville Gym,Trainer,Trainer,TRAINER_Wattson_1_EVENTSCRIPT_ITEM,,FALSE,,,,,,,,,
FLAG_BADGE03_GET,Mauville Gym,Badge,Gym Leader,,,FALSE,,,,,,,,,
ITEM_FULL_HEAL,Meteor Falls,Normal Item,Item Ball,FLAG_ITEM_METEOR_FALLS_1F_1R_FULL_HEAL,,FALSE,,,,,,,,,
ITEM_MOON_STONE,Meteor Falls,Normal Item,Item Ball,FLAG_ITEM_METEOR_FALLS_1F_1R_MOON_STONE,,FALSE,,,,,,,,,
ITEM_TM_IRON_TAIL,Meteor Falls,Normal Item,Item Ball,FLAG_ITEM_METEOR_FALLS_1F_1R_TM_IRON_TAIL,,FALSE,ITEM_HM03,ITEM_HM07,,,,,,,
ITEM_TM_DRAGON_CLAW,Meteor Falls,Normal Item,Item Ball,FLAG_ITEM_METEOR_FALLS_B1F_2R_TM_DRAGON_CLAW,,FALSE,ITEM_HM03,ITEM_HM07,,,,,,,
ITEM_PP_UP,Meteor Falls,Normal Item,Item Ball,FLAG_ITEM_METEOR_FALLS_1F_1R_PP_UP,,FALSE,ITEM_HM03,ITEM_HM07,,,,,,,
TRAINER_John_And_Jay_1,Meteor Falls,Trainer,Trainer,TRAINER_John_And_Jay_1_EVENTSCRIPT_ITEM,,FALSE,ITEM_HM03,ITEM_HM07,,,,,,,
TRAINER_Nicolas_1,Meteor Falls,Trainer,Trainer,TRAINER_Nicolas_1_EVENTSCRIPT_ITEM,,FALSE,ITEM_HM03,ITEM_HM07,,,,,,,
TRAINER_Steven,Meteor Falls,Trainer,Trainer,TRAINER_Steven_EVENTSCRIPT_ITEM,,FALSE,,,,,,,,,
ITEM_NET_BALL,Mossdeep,Normal Item,Item Ball,FLAG_ITEM_MOSSDEEP_CITY_NET_BALL,,FALSE,,,,,,,,,
ITEM_KINGS_ROCK,Mossdeep,Normal Item,NPC,,,FALSE,,,,,,,,,
ITEM_HM08,Mossdeep,Normal Item,NPC,,,FALSE,,,,,,,,,
ITEM_SUPER_ROD,Mossdeep,Normal Item,NPC,,,FALSE,,,,,,,,,
"SPECIES_BELDUM, 5",Mossdeep,Pokemon,NPC,,,FALSE,,,,,,,,,
TRAINER_Preston,Mosdeep Gym,Trainer,Trainer,TRAINER_Preston_EVENTSCRIPT_ITEM,,FALSE,,,,,,,,,
TRAINER_Maura,Mosdeep Gym,Trainer,Trainer,TRAINER_Maura_EVENTSCRIPT_ITEM,,FALSE,,,,,,,,,
TRAINER_Samantha,Mosdeep Gym,Trainer,Trainer,TRAINER_Samantha_EVENTSCRIPT_ITEM,,FALSE,,,,,,,,,
TRAINER_Blake,Mosdeep Gym,Trainer,Trainer,TRAINER_Blake_EVENTSCRIPT_ITEM,,FALSE,,,,,,,,,
TRAINER_Macey,Mosdeep Gym,Trainer,Trainer,TRAINER_Macey_EVENTSCRIPT_ITEM,,FALSE,,,,,,,,,
TRAINER_Clifford,Mosdeep Gym,Trainer,Trainer,TRAINER_Clifford_EVENTSCRIPT_ITEM,,FALSE,,,,,,,,,
TRAINER_Kathleen,Mosdeep Gym,Trainer,Trainer,TRAINER_Kathleen_EVENTSCRIPT_ITEM,,FALSE,,,,,,,,,
TRAINER_Nicholas,Mosdeep Gym,Trainer,Trainer,TRAINER_Nicholas_EVENTSCRIPT_ITEM,,FALSE,,,,,,,,,
TRAINER_Nate,Mosdeep Gym,Trainer,Trainer,TRAINER_Nate_EVENTSCRIPT_ITEM,,FALSE,,,,,,,,,
TRAINER_Virgil,Mosdeep Gym,Trainer,Trainer,TRAINER_Virgil_EVENTSCRIPT_ITEM,,FALSE,,,,,,,,,
TRAINER_Sylvia,Mosdeep Gym,Trainer,Trainer,TRAINER_Sylvia_EVENTSCRIPT_ITEM,,FALSE,,,,,,,,,
TRAINER_Hannah,Mosdeep Gym,Trainer,Trainer,TRAINER_Hannah_EVENTSCRIPT_ITEM,,FALSE,,,,,,,,,
TRAINER_Tate_And_Liza_1,Mosdeep Gym,Trainer,Trainer,TRAINER_Tate_And_Liza_1_EVENTSCRIPT_ITEM,,FALSE,,,,,,,,,
FLAG_BADGE07_GET,Mosdeep Gym,Badge,Gym Leader,,,FALSE,,,,,,,,,
ITEM_METEORITE,Mt Chimney,Normal Item,NPC,,,FALSE,,,,,,,,,
ITEM_CLEANSE_TAG,Mt Pyre,Normal Item,NPC,,,FALSE,,,,,,,,,
ITEM_ULTRA_BALL,Mt Pyre,Normal Item,Item Ball,FLAG_ITEM_MT_PYRE_2F_ULTRA_BALL,,FALSE,,,,,,,,,
ITEM_SUPER_REPEL,Mt Pyre,Normal Item,Item Ball,FLAG_ITEM_MT_PYRE_3F_SUPER_REPEL,,FALSE,,,,,,,,,
ITEM_SEA_INCENSE,Mt Pyre,Normal Item,Item Ball,FLAG_ITEM_MT_PYRE_4F_SEA_INCENSE,,FALSE,,,,,,,,,
ITEM_LAX_INCENSE,Mt Pyre,Normal Item,Item Ball,FLAG_ITEM_MT_PYRE_5F_LAX_INCENSE,,FALSE,,,,,,,,,
ITEM_TM_SHADOW_BALL,Mt Pyre,Normal Item,Item Ball,FLAG_ITEM_MT_PYRE_6F_TM_SHADOW_BALL,,FALSE,,,,,,,,,
ITEM_TM_SKILL_SWAP,Mt Pyre,Normal Item,Item Ball,FLAG_ITEM_MT_PYRE_EXTERIOR_TM_SKILL_SWAP,,FALSE,,,,,,,,,
ITEM_MAX_POTION,Mt Pyre,Normal Item,Item Ball,FLAG_ITEM_MT_PYRE_EXTERIOR_MAX_POTION,,FALSE,,,,,,,,,
ITEM_MAX_ETHER,Mt Pyre,Normal Item,Hidden Item,FLAG_HIDDEN_ITEM_MT_PYRE_EXTERIOR_MAX_ETHER,,TRUE,,,,,,,,,
ITEM_ULTRA_BALL,Mt Pyre,Normal Item,Hidden Item,FLAG_HIDDEN_ITEM_MT_PYRE_EXTERIOR_ULTRA_BALL,,TRUE,,,,,,,,,
ITEM_ZINC,Mt Pyre,Normal Item,Hidden Item,FLAG_HIDDEN_ITEM_MT_PYRE_SUMMIT_ZINC,,TRUE,,,,,,,,,
ITEM_RARE_CANDY,Mt Pyre,Normal Item,Hidden Item,FLAG_HIDDEN_ITEM_MT_PYRE_SUMMIT_RARE_CANDY,,TRUE,,,,,,,,,
ITEM_MAGMA_EMBLEM,Mt Pyre,Normal Item,NPC,,,FALSE,,,,,,,,,
TRAINER_Mark,Mt Pyre,Trainer,Trainer,TRAINER_Mark_EVENTSCRIPT_ITEM,,FALSE,,,,,,,,,
TRAINER_Leah,Mt Pyre,Trainer,Trainer,TRAINER_Leah_EVENTSCRIPT_ITEM,,FALSE,,,,,,,,,
TRAINER_Zander,Mt Pyre,Trainer,Trainer,TRAINER_Zander_EVENTSCRIPT_ITEM,,FALSE,,,,,,,,,
TRAINER_Dez_And_Luke,Mt Pyre,Trainer,Trainer,TRAINER_Dez_And_Luke_EVENTSCRIPT_ITEM,,FALSE,,,,,,,,,
TRAINER_Kayla,Mt Pyre,Trainer,Trainer,TRAINER_Kayla_EVENTSCRIPT_ITEM,,FALSE,,,,,,,,,
TRAINER_Gabrielle_1,Mt Pyre,Trainer,Trainer,TRAINER_Gabrielle_1_EVENTSCRIPT_ITEM,,FALSE,,,,,,,,,
TRAINER_William,Mt Pyre,Trainer,Trainer,TRAINER_William_EVENTSCRIPT_ITEM,,FALSE,,,,,,,,,
TRAINER_Tasha,Mt Pyre,Trainer,Trainer,TRAINER_Tasha_EVENTSCRIPT_ITEM,,FALSE,,,,,,,,,
TRAINER_Atsushi,Mt Pyre,Trainer,Trainer,TRAINER_Atsushi_EVENTSCRIPT_ITEM,,FALSE,,,,,,,,,
TRAINER_Valerie_1,Mt Pyre,Trainer,Trainer,TRAINER_Valerie_1_EVENTSCRIPT_ITEM,,FALSE,,,,,,,,,
TRAINER_Cedric,Mt Pyre,Trainer,Trainer,TRAINER_Cedric_EVENTSCRIPT_ITEM,,FALSE,,,,,,,,,
TRAINER_Grunt_Mt_Pyre_1,Mt Pyre,Trainer,Trainer,TRAINER_Grunt_Mt_Pyre_1_EVENTSCRIPT_ITEM,,FALSE,,,,,,,,,
TRAINER_Grunt_Mt_Pyre_2,Mt Pyre,Trainer,Trainer,TRAINER_Grunt_Mt_Pyre_2_EVENTSCRIPT_ITEM,,FALSE,,,,,,,,,
TRAINER_Grunt_Mt_Pyre_3,Mt Pyre,Trainer,Trainer,TRAINER_Grunt_Mt_Pyre_3_EVENTSCRIPT_ITEM,,FALSE,,,,,,,,,
TRAINER_Grunt_Mt_Pyre_4,Mt Pyre,Trainer,Trainer,TRAINER_Grunt_Mt_Pyre_4_EVENTSCRIPT_ITEM,,FALSE,,,,,,,,,
ITEM_SACRED_ASH,Navel Rock,Normal Item,Hidden Item,FLAG_HIDDEN_ITEM_NAVEL_ROCK_TOP_SACRED_ASH,,TRUE,,,,,,,,,
SPECIES_HO_OH,Navel Rock,Trainer,Legendary Pokemon,HoOh_Item,,FALSE,,,,,,,,,
ITEM_ESCAPE_ROPE,New Mauville,Normal Item,Item Ball,FLAG_ITEM_NEW_MAUVILLE_ESCAPE_ROPE,,FALSE,,,,,,,,,
ITEM_ULTRA_BALL,New Mauville,Normal Item,Item Ball,FLAG_ITEM_NEW_MAUVILLE_ULTRA_BALL,,FALSE,,,,,,,,,
ITEM_PARALYZE_HEAL,New Mauville,Normal Item,Item Ball,FLAG_ITEM_NEW_MAUVILLE_PARALYZE_HEAL,,FALSE,,,,,,,,,
ITEM_FULL_HEAL,New Mauville,Normal Item,Item Ball,FLAG_ITEM_NEW_MAUVILLE_FULL_HEAL,,FALSE,,,,,,,,,
ITEM_THUNDER_STONE,New Mauville,Normal Item,Item Ball,FLAG_ITEM_NEW_MAUVILLE_THUNDER_STONE,,FALSE,,,,,,,,,
SPECIES_VOLTORB,New Mauville,Trap,Item Ball,FLAG_HIDE_NEW_MAUVILLE_VOLTORB_1,,FALSE,,,,,,,,,
SPECIES_VOLTORB,New Mauville,Trap,Item Ball,FLAG_HIDE_NEW_MAUVILLE_VOLTORB_2,,FALSE,,,,,,,,,
SPECIES_VOLTORB,New Mauville,Trap,Item Ball,FLAG_HIDE_NEW_MAUVILLE_VOLTORB_3,,FALSE,,,,,,,,,
ITEM_POTION,Oldale Town,Normal Item,NPC,Oldale_Eventscript_Item,,FALSE,,,,,,,,,
ITEM_TM21,Pacifidlog,Normal Item,NPC,,,FALSE,,,,,,,,,
ITEM_TM27,Pacifidlog,Normal Item,NPC,,,FALSE,,,,,,,,,
ITEM_HM03,Petalburg,Normal Item,NPC,,,FALSE,,,,,,,,,
ITEM_MAX_REVIVE,Petalburg,Normal Item,Item Ball,FLAG_ITEM_PETALBURG_CITY_MAX_REVIVE,,FALSE,,,,,,,,,
ITEM_ETHER,Petalburg,Normal Item,Item Ball,FLAG_ITEM_PETALBURG_CITY_ETHER,,FALSE,,,,,,,,,
ITEM_RARE_CANDY,Petalburg,Normal Item,Hidden Item,FLAG_HIDDEN_ITEM_PETALBURG_CITY_RARE_CANDY,,TRUE,,,,,,,,,
TRAINER_Randall,Petalburg Gym,Trainer,Trainer,TRAINER_Randall_EVENTSCRIPT_ITEM,,FALSE,,,,,,,,,
TRAINER_Mary,Petalburg Gym,Trainer,Trainer,TRAINER_Mary_EVENTSCRIPT_ITEM,,FALSE,,,,,,,,,
TRAINER_Parker,Petalburg Gym,Trainer,Trainer,TRAINER_Parker_EVENTSCRIPT_ITEM,,FALSE,,,,,,,,,
TRAINER_Alexia,Petalburg Gym,Trainer,Trainer,TRAINER_Alexia_EVENTSCRIPT_ITEM,,FALSE,,,,,,,,,
TRAINER_George,Petalburg Gym,Trainer,Trainer,TRAINER_George_EVENTSCRIPT_ITEM,,FALSE,,,,,,,,,
TRAINER_Jody,Petalburg Gym,Trainer,Trainer,TRAINER_Jody_EVENTSCRIPT_ITEM,,FALSE,,,,,,,,,
TRAINER_Berke,Petalburg Gym,Trainer,Trainer,TRAINER_Berke_EVENTSCRIPT_ITEM,,FALSE,,,,,,,,,
TRAINER_Norman_1,Petalburg Gym,Trainer,Trainer,TRAINER_Norman_1_EVENTSCRIPT_ITEM,,FALSE,,,,,,,,,
FLAG_BADGE05_GET,Petalburg Gym,Badge,Gym Leader,,,FALSE,,,,,,,,,
ITEM_POTION,Petalburg Woods,Normal Item,Hidden Item,FLAG_HIDDEN_ITEM_PETALBURG_WOODS_POTION,,TRUE,,,,,,,,,
ITEM_PARALYZE_HEAL,Petalburg Woods,Normal Item,NPC,,,FALSE,,,,,,,,,
ITEM_GREAT_BALL,Petalburg Woods,Normal Item,NPC,,,FALSE,,,,,,,,,
ITEM_GREAT_BALL,Petalburg Woods,Normal Item,Item Ball,FLAG_ITEM_PETALBURG_WOODS_GREAT_BALL,,FALSE,,,,,,,,,
ITEM_POKE_BALL,Petalburg Woods,Normal Item,Hidden Item,FLAG_HIDDEN_ITEM_PETALBURG_WOODS_POKE_BALL,,TRUE,,,,,,,,,
ITEM_ETHER,Petalburg Woods,Normal Item,Item Ball,FLAG_ITEM_PETALBURG_WOODS_ETHER,,FALSE,,,,,,,,,
ITEM_TINY_MUSHROOM,Petalburg Woods,Normal Item,Hidden Item,FLAG_HIDDEN_ITEM_PETALBURG_WOODS_TINY_MUSHROOM_1,,TRUE,,,,,,,,,
ITEM_TINY_MUSHROOM,Petalburg Woods,Normal Item,Hidden Item,FLAG_HIDDEN_ITEM_PETALBURG_WOODS_TINY_MUSHROOM_2,,TRUE,,,,,,,,,
ITEM_MIRACLE_SEED,Petalburg Woods,Normal Item,NPC,,,FALSE,ITEM_HM01,,,,,,,,
ITEM_GREAT_BALL,Petalburg Woods,Normal Item,NPC,,,FALSE,ITEM_HM01,,,,,,,,
ITEM_X_ATTACK,Petalburg Woods,Normal Item,Item Ball,FLAG_ITEM_PETALBURG_WOODS_X_ATTACK,,FALSE,ITEM_HM01,,,,,,,,
TRAINER_Lyle,Petalburg Woods,Trainer,Trainer,TRAINER_Lyle_EVENTSCRIPT_ITEM,,FALSE,,,,,,,,,
TRAINER_James_1,Petalburg Woods,Trainer,Trainer,TRAINER_James_1_EVENTSCRIPT_ITEM,,FALSE,,,,,,,,,
TRAINER_Grunt_Petalburg_Woods,Petalburg Woods,Trainer,Trainer,TRAINER_Grunt_Petalburg_Woods_EVENTSCRIPT_ITEM,,FALSE,,,,,,,,,
ITEM_POTION,Route 102,Normal Item,Item Ball,FLAG_ITEM_ROUTE_102_POTION,,FALSE,,,,,,,,,
TRAINER_Calvin_1,Route 102,Trainer,Trainer,TRAINER_Calvin_1_EVENTSCRIPT_ITEM,,FALSE,,,,,,,,,
TRAINER_Rick,Route 102,Trainer,Trainer,TRAINER_Rick_EVENTSCRIPT_ITEM,,FALSE,,,,,,,,,
TRAINER_Allen,Route 102,Trainer,Trainer,TRAINER_Allen_EVENTSCRIPT_ITEM,,FALSE,,,,,,,,,
TRAINER_Tiana,Route 102,Trainer,Trainer,TRAINER_Tiana_EVENTSCRIPT_ITEM,,FALSE,,,,,,,,,
ITEM_GUARD_SPEC,Route 103,Normal Item,Item Ball,FLAG_ITEM_ROUTE_103_GUARD_SPEC,,FALSE,ITEM_HM01,,,,,,,,
ITEM_PP_UP,Route 103,Normal Item,Item Ball,FLAG_ITEM_ROUTE_103_PP_UP,,FALSE,,,,,,,,,
TRAINER_MAY_ROUTE_103_MUDKIP,Route 103,Trainer,Trainer,TRAINER_MAY_ROUTE_103_MUDKIP_EVENTSCRIPT_ITEM,,FALSE,,,,,,,,,
ITEM_ANTIDOTE,Route 104,Normal Item,Hidden Item,FLAG_HIDDEN_ITEM_ROUTE_104_ANTIDOTE,,TRUE,,,,,,,,,
ITEM_HEART_SCALE,Route 104,Normal Item,Hidden Item,FLAG_HIDDEN_ITEM_ROUTE_104_HEART_SCALE,,TRUE,,,,,,,,,
ITEM_POTION,Route 104,Normal Item,Hidden Item,FLAG_HIDDEN_ITEM_ROUTE_104_POTION,,TRUE,,,,,,,,,
ITEM_POKE_BALL,Route 104,Normal Item,Item Ball,FLAG_ITEM_ROUTE_104_POKE_BALL,,FALSE,,,,,,,,,
ITEM_TM09,Route 104,Normal Item,NPC,,,FALSE,,,,,,,,,
ITEM_POKE_BALL,Route 104,Normal Item,Hidden Item,FLAG_HIDDEN_ITEM_ROUTE_104_POKE_BALL,,TRUE,,,,,,,,,
ITEM_POTION,Route 104,Normal Item,Item Ball,FLAG_ITEM_ROUTE_104_POTION,,FALSE,,,,,,,,,
ITEM_SUPER_POTION,Route 104,Normal Item,Hidden Item,FLAG_HIDDEN_ITEM_ROUTE_104_SUPER_POTION,,TRUE,,,,,,,,,
ITEM_X_ACCURACY,Route 104,Normal Item,Item Ball,FLAG_ITEM_ROUTE_104_X_ACCURACY,,FALSE,,,,,,,,,
ITEM_PP_UP,Route 104,Normal Item,Item Ball,FLAG_ITEM_ROUTE_104_PP_UP,,FALSE,,,,,,,,,
ITEM_WHITE_HERB,Route 104,Normal Item,NPC,,,FALSE,,,,,,,,,
ITEM_WAILMER_PAIL,Route 104,Normal Item,NPC,,,FALSE,,,,,,,,,
TRAINER_BILLY,Route 104,Trainer,Trainer,TRAINER_BILLY_EVENTSCRIPT_ITEM,,FALSE,,,,,,,,,
TRAINER_DARIAN,Route 104,Trainer,Trainer,TRAINER_DARIAN_EVENTSCRIPT_ITEM,,FALSE,,,,,,,,,
TRAINER_CINDY_1,Route 104,Trainer,Trainer,TRAINER_CINDY_1_EVENTSCRIPT_ITEM,,FALSE,,,,,,,,,
TRAINER_WINSTON_1,Route 104,Trainer,Trainer,TRAINER_WINSTON_1_EVENTSCRIPT_ITEM,,FALSE,,,,,,,,,
TRAINER_HALEY_1,Route 104,Trainer,Trainer,TRAINER_HALEY_1_EVENTSCRIPT_ITEM,,FALSE,,,,,,,,,
TRAINER_GINA_AND_MIA_1,Route 104,Trainer,Trainer,TRAINER_GINA_AND_MIA_1_EVENTSCRIPT_ITEM,,FALSE,,,,,,,,,
TRAINER_IVAN,Route 104,Trainer,Trainer,TRAINER_IVAN_EVENTSCRIPT_ITEM,,FALSE,,,,,,,,,
ITEM_CHESTO_BERRY,Route 104,Normal Item,NPC,,,FALSE,,,,,,,,,
ITEM_IRON,Route 105,Normal Item,Item Ball,FLAG_ITEM_ROUTE_105_IRON,,FALSE,,,,,,,,,
ITEM_BIG_PEARL,Route 105,Normal Item,Hidden Item,FLAG_HIDDEN_ITEM_ROUTE_105_BIG_PEARL,,TRUE,,,,,,,,,
ITEM_HEART_SCALE,Route 105,Normal Item,Hidden Item,FLAG_HIDDEN_ITEM_ROUTE_105_HEART_SCALE,,TRUE,,,,,,,,,
TRAINER_Imani,Route 105,Trainer,Trainer,TRAINER_Imani_EVENTSCRIPT_ITEM,,FALSE,,,,,,,,,
TRAINER_Dominik,Route 105,Trainer,Trainer,TRAINER_Dominik_EVENTSCRIPT_ITEM,,FALSE,,,,,,,,,
TRAINER_Foster,Route 105,Trainer,Trainer,TRAINER_Foster_EVENTSCRIPT_ITEM,,FALSE,,,,,,,,,
TRAINER_Beverly,Route 105,Trainer,Trainer,TRAINER_Beverly_EVENTSCRIPT_ITEM,,FALSE,,,,,,,,,
TRAINER_Andres_1,Route 105,Trainer,Trainer,TRAINER_Andres_1_EVENTSCRIPT_ITEM,,FALSE,,,,,,,,,
TRAINER_Josue,Route 105,Trainer,Trainer,TRAINER_Josue_EVENTSCRIPT_ITEM,,FALSE,,,,,,,,,
TRAINER_Luis,Route 105,Trainer,Trainer,TRAINER_Luis_EVENTSCRIPT_ITEM,,FALSE,,,,,,,,,
ITEM_HEART_SCALE,Route 106,Normal Item,Hidden Item,FLAG_HIDDEN_ITEM_ROUTE_106_HEART_SCALE,,TRUE,,,,,,,,,
ITEM_STARDUST,Route 106,Normal Item,Hidden Item,FLAG_HIDDEN_ITEM_ROUTE_106_STARDUST,,TRUE,,,,,,,,,
ITEM_POKE_BALL,Route 106,Normal Item,Hidden Item,FLAG_HIDDEN_ITEM_ROUTE_106_POKE_BALL,,TRUE,,,,,,,,,
ITEM_PROTEIN,Route 106,Normal Item,Item Ball,FLAG_ITEM_ROUTE_106_PROTEIN,,FALSE,,,,,,,,,
TRAINER_Ned,Route 106,Trainer,Trainer,TRAINER_Ned_EVENTSCRIPT_ITEM,,FALSE,,,,,,,,,
TRAINER_Elliot_1,Route 106,Trainer,Trainer,TRAINER_Elliot_1_EVENTSCRIPT_ITEM,,FALSE,,,,,,,,,
TRAINER_Douglas,Route 106,Trainer,Trainer,TRAINER_Douglas_EVENTSCRIPT_ITEM,,FALSE,,,,,,,,,
TRAINER_Kyla,Route 106,Trainer,Trainer,TRAINER_Kyla_EVENTSCRIPT_ITEM,,FALSE,,,,,,,,,
TRAINER_Denise,Route 107,Trainer,Trainer,TRAINER_Denise_EVENTSCRIPT_ITEM,,FALSE,,,,,,,,,
TRAINER_Tony_1,Route 107,Trainer,Trainer,TRAINER_Tony_1_EVENTSCRIPT_ITEM,,FALSE,,,,,,,,,
TRAINER_Lisa_And_Ray,Route 107,Trainer,Trainer,TRAINER_Lisa_And_Ray_EVENTSCRIPT_ITEM,,FALSE,,,,,,,,,
TRAINER_Darrin,Route 107,Trainer,Trainer,TRAINER_Darrin_EVENTSCRIPT_ITEM,,FALSE,,,,,,,,,
TRAINER_Beth,Route 107,Trainer,Trainer,TRAINER_Beth_EVENTSCRIPT_ITEM,,FALSE,,,,,,,,,
TRAINER_Camron,Route 107,Trainer,Trainer,TRAINER_Camron_EVENTSCRIPT_ITEM,,FALSE,,,,,,,,,
ITEM_STAR_PIECE,Route 108,Normal Item,Item Ball,FLAG_ITEM_ROUTE_108_STAR_PIECE,,FALSE,,,,,,,,,
ITEM_RARE_CANDY,Route 108,Normal Item,Hidden Item,FLAG_HIDDEN_ITEM_ROUTE_108_RARE_CANDY,,TRUE,,,,,,,,,
TRAINER_Missy,Route 108,Trainer,Trainer,TRAINER_Missy_EVENTSCRIPT_ITEM,,FALSE,,,,,,,,,
TRAINER_Matthew,Route 108,Trainer,Trainer,TRAINER_Matthew_EVENTSCRIPT_ITEM,,FALSE,,,,,,,,,
TRAINER_Tara,Route 108,Trainer,Trainer,TRAINER_Tara_EVENTSCRIPT_ITEM,,FALSE,,,,,,,,,
TRAINER_Carolina,Route 108,Trainer,Trainer,TRAINER_Carolina_EVENTSCRIPT_ITEM,,FALSE,,,,,,,,,
TRAINER_Cory_1,Route 108,Trainer,Trainer,TRAINER_Cory_1_EVENTSCRIPT_ITEM,,FALSE,,,,,,,,,
TRAINER_Jerome,Route 108,Trainer,Trainer,TRAINER_Jerome_EVENTSCRIPT_ITEM,,FALSE,,,,,,,,,
ITEM_REVIVE,Route 109,Normal Item,Hidden Item,FLAG_HIDDEN_ITEM_ROUTE_109_REVIVE,,TRUE,,,,,,,,,
ITEM_ETHER,Route 109,Normal Item,Hidden Item,FLAG_HIDDEN_ITEM_ROUTE_109_ETHER,,TRUE,,,,,,,,,
ITEM_SOFT_SAND,Route 109,Normal Item,NPC,,,FALSE,,,,,,,,,
ITEM_HEART_SCALE,Route 109,Normal Item,Hidden Item,FLAG_HIDDEN_ITEM_ROUTE_109_HEART_SCALE_1,,TRUE,,,,,,,,,
ITEM_HEART_SCALE,Route 109,Normal Item,Hidden Item,FLAG_HIDDEN_ITEM_ROUTE_109_HEART_SCALE_2,,TRUE,,,,,,,,,
ITEM_HEART_SCALE,Route 109,Normal Item,Hidden Item,FLAG_HIDDEN_ITEM_ROUTE_109_HEART_SCALE_3,,TRUE,,,,,,,,,
ITEM_GREAT_BALL,Route 109,Normal Item,Hidden Item,FLAG_HIDDEN_ITEM_ROUTE_109_GREAT_BALL,,TRUE,,,,,,,,,
"ITEM_SODA_POP, 6",Route 109,Normal Item,NPC,,,FALSE,,,,,,,,,
ITEM_POTION,Route 109,Normal Item,Item Ball,FLAG_ITEM_ROUTE_109_POTION,,FALSE,,,,,,,,,
ITEM_PP_UP,Route 109,Normal Item,Item Ball,FLAG_ITEM_ROUTE_109_PP_UP,,FALSE,ITEM_HM03,,,,,,,,
TRAINER_Huey,Route 109,Trainer,Trainer,TRAINER_Huey_EVENTSCRIPT_ITEM,,FALSE,,,,,,,,,
TRAINER_Edmond,Route 109,Trainer,Trainer,TRAINER_Edmond_EVENTSCRIPT_ITEM,,FALSE,,,,,,,,,
TRAINER_Hailey,Route 109,Trainer,Trainer,TRAINER_Hailey_EVENTSCRIPT_ITEM,,FALSE,,,,,,,,,
TRAINER_Ricky_1,Route 109,Trainer,Trainer,TRAINER_Ricky_1_EVENTSCRIPT_ITEM,,FALSE,,,,,,,,,
TRAINER_Lola_1,Route 109,Trainer,Trainer,TRAINER_Lola_1_EVENTSCRIPT_ITEM,,FALSE,,,,,,,,,
TRAINER_Chandler,Route 109,Trainer,Trainer,TRAINER_Chandler_EVENTSCRIPT_ITEM,,FALSE,,,,,,,,,
TRAINER_Simon,Route 109,Trainer,Trainer,TRAINER_Simon_EVENTSCRIPT_ITEM,,FALSE,,,,,,,,,
TRAINER_Johanna,Route 109,Trainer,Trainer,TRAINER_Johanna_EVENTSCRIPT_ITEM,,FALSE,,,,,,,,,
TRAINER_Dwayne,Route 109,Trainer,Trainer,TRAINER_Dwayne_EVENTSCRIPT_ITEM,,FALSE,,,,,,,,,
TRAINER_Austina,Route 109,Trainer,Trainer,TRAINER_Austina_EVENTSCRIPT_ITEM,,FALSE,ITEM_HM03,,,,,,,,
TRAINER_Gwen,Route 109,Trainer,Trainer,TRAINER_Gwen_EVENTSCRIPT_ITEM,,FALSE,ITEM_HM03,,,,,,,,
TRAINER_David,Route 109,Trainer,Trainer,TRAINER_David_EVENTSCRIPT_ITEM,,FALSE,ITEM_HM03,,,,,,,,
TRAINER_Alice,Route 109,Trainer,Trainer,TRAINER_Alice_EVENTSCRIPT_ITEM,,FALSE,ITEM_HM03,,,,,,,,
TRAINER_Carter,Route 109,Trainer,Trainer,TRAINER_Carter_EVENTSCRIPT_ITEM,,FALSE,ITEM_HM03,,,,,,,,
TRAINER_Elijah,Route 109,Trainer,Trainer,TRAINER_Elijah_EVENTSCRIPT_ITEM,,FALSE,ITEM_HM03,,,,,,,,
TRAINER_Mel_And_Paul,Route 109,Trainer,Trainer,TRAINER_Mel_And_Paul_EVENTSCRIPT_ITEM,,FALSE,ITEM_HM03,,,,,,,,
ITEM_DIRE_HIT,Route 110,Normal Item,Item Ball,FLAG_ITEM_ROUTE_110_DIRE_HIT,,FALSE,,,,,,,,,
ITEM_RARE_CANDY,Route 110,Normal Item,Item Ball,FLAG_ITEM_ROUTE_110_RARE_CANDY,,FALSE,,,,,,,,,
ITEM_FULL_HEAL,Route 110,Normal Item,Hidden Item,FLAG_HIDDEN_ITEM_ROUTE_110_FULL_HEAL,,TRUE,,,,,,,,,
ITEM_DOWSING_MACHINE,Route 110,Normal Item,NPC,,,FALSE,,,,,,,,,
ITEM_GREAT_BALL,Route 110,Normal Item,Hidden Item,FLAG_HIDDEN_ITEM_ROUTE_110_GREAT_BALL,,TRUE,,,,,,,,,
ITEM_REVIVE,Route 110,Normal Item,Hidden Item,FLAG_HIDDEN_ITEM_ROUTE_110_REVIVE,,TRUE,,,,,,,,,
ITEM_ELIXIR,Route 110,Normal Item,Item Ball,FLAG_ITEM_ROUTE_110_ELIXIR,,FALSE,,,,,,,,,
ITEM_POKE_BALL,Route 110,Normal Item,Hidden Item,FLAG_HIDDEN_ITEM_ROUTE_110_POKE_BALL,,TRUE,,,,,,,,,
TRAINER_Isabel_1,Route 110,Trainer,Trainer,TRAINER_Isabel_1_EVENTSCRIPT_ITEM,,FALSE,,,,,,,,,
TRAINER_Kaleb,Route 110,Trainer,Trainer,TRAINER_Kaleb_EVENTSCRIPT_ITEM,,FALSE,,,,,,,,,
TRAINER_Timmy,Route 110,Trainer,Trainer,TRAINER_Timmy_EVENTSCRIPT_ITEM,,FALSE,,,,,,,,,
TRAINER_Edwin_1,Route 110,Trainer,Trainer,TRAINER_Edwin_1_EVENTSCRIPT_ITEM,,FALSE,,,,,,,,,
TRAINER_Joseph,Route 110,Trainer,Trainer,TRAINER_Joseph_EVENTSCRIPT_ITEM,,FALSE,,,,,,,,,
TRAINER_Edward,Route 110,Trainer,Trainer,TRAINER_Edward_EVENTSCRIPT_ITEM,,FALSE,,,,,,,,,
TRAINER_Alyssa,Route 110,Trainer,Trainer,TRAINER_Alyssa_EVENTSCRIPT_ITEM,,FALSE,,,,,,,,,
TRAINER_Dale,Route 110,Trainer,Trainer,TRAINER_Dale_EVENTSCRIPT_ITEM,,FALSE,,,,,,,,,
TRAINER_May_Route_110_Mudkip,Route 110,Trainer,Trainer,TRAINER_May_Route_110_Mudkip_EVENTSCRIPT_ITEM,,FALSE,,,,,,,,,
TRAINER_Jaclyn,Route 110,Trainer,Trainer,TRAINER_Jaclyn_EVENTSCRIPT_ITEM,,FALSE,,,,,,,,,
TRAINER_Abigail_1,Route 110,Trainer,Trainer,TRAINER_Abigail_1_EVENTSCRIPT_ITEM,,FALSE,,,,,,,,,
TRAINER_Anthony,Route 110,Trainer,Trainer,TRAINER_Anthony_EVENTSCRIPT_ITEM,,FALSE,,,,,,,,,
TRAINER_Benjamin_1,Route 110,Trainer,Trainer,TRAINER_Benjamin_1_EVENTSCRIPT_ITEM,,FALSE,,,,,,,,,
TRAINER_Jasmine,Route 110,Trainer,Trainer,TRAINER_Jasmine_EVENTSCRIPT_ITEM,,FALSE,,,,,,,,,
TRAINER_Jacob,Route 110,Trainer,Trainer,TRAINER_Jacob_EVENTSCRIPT_ITEM,,FALSE,,,,,,,,,
ITEM_NUGGET,Trick House,Normal Item,Hidden Item,FLAG_HIDDEN_ITEM_TRICK_HOUSE_NUGGET,,TRUE,,,,,,,,,
ITEM_RARE_CANDY,Trick House,Normal Item,NPC,,,FALSE,ITEM_HM01,,,,,,,,
ITEM_TIMER_BALL,Trick House,Normal Item,NPC,,,FALSE,ITEM_HM01,,,,,,,,
ITEM_HARD_STONE,Trick House,Normal Item,NPC,,,FALSE,ITEM_HM01,ITEM_HM06,,,,,,,
ITEM_SMOKE_BALL,Trick House,Normal Item,NPC,,,FALSE,ITEM_HM01,ITEM_HM06,ITEM_HM04,,,,,,
ITEM_TM12,Trick House,Normal Item,NPC,,,FALSE,ITEM_HM01,ITEM_HM06,ITEM_HM04,,,,,,
ITEM_MAGNET,Trick House,Normal Item,NPC,,,FALSE,ITEM_HM01,ITEM_HM06,ITEM_HM04,,,,,,
ITEM_PP_MAX,Trick House,Normal Item,NPC,,,FALSE,ITEM_HM01,ITEM_HM06,ITEM_HM04,,,,,,
ITEM_ORANGE_MAIL,Trick House,Normal Item,Item Ball,FLAG_ITEM_TRICK_HOUSE_PUZZLE_1_ORANGE_MAIL,,FALSE,ITEM_HM01,,,,,,,,
TRAINER_Sally,Trick House,Trainer,Trainer,TRAINER_Sally_EVENTSCRIPT_ITEM,,FALSE,,,,,,,,,
TRAINER_Robin,Trick House,Trainer,Trainer,TRAINER_Robin_EVENTSCRIPT_ITEM,,FALSE,ITEM_HM01,,,,,,,,
TRAINER_Eddie,Trick House,Trainer,Trainer,TRAINER_Eddie_EVENTSCRIPT_ITEM,,FALSE,ITEM_HM01,,,,,,,,
ITEM_WAVE_MAIL,Trick House,Normal Item,Item Ball,FLAG_ITEM_TRICK_HOUSE_PUZZLE_2_WAVE_MAIL,,FALSE,ITEM_HM01,,,,,,,,
ITEM_HARBOR_MAIL,Trick House,Normal Item,Item Ball,FLAG_ITEM_TRICK_HOUSE_PUZZLE_2_HARBOR_MAIL,,FALSE,ITEM_HM01,,,,,,,,
TRAINER_Ted,Trick House,Trainer,Trainer,TRAINER_Ted_EVENTSCRIPT_ITEM,,FALSE,ITEM_HM01,,,,,,,,
TRAINER_Paul,Trick House,Trainer,Trainer,TRAINER_Paul_EVENTSCRIPT_ITEM,,FALSE,ITEM_HM01,,,,,,,,
TRAINER_Georgia,Trick House,Trainer,Trainer,TRAINER_Georgia_EVENTSCRIPT_ITEM,,FALSE,ITEM_HM01,,,,,,,,
ITEM_WOOD_MAIL,Trick House,Normal Item,Item Ball,FLAG_ITEM_TRICK_HOUSE_PUZZLE_3_WOOD_MAIL,,FALSE,ITEM_HM01,ITEM_HM06,,,,,,,
ITEM_SHADOW_MAIL,Trick House,Normal Item,Item Ball,FLAG_ITEM_TRICK_HOUSE_PUZZLE_3_SHADOW_MAIL,,FALSE,ITEM_HM01,ITEM_HM06,,,,,,,
TRAINER_Justin,Trick House,Trainer,Trainer,TRAINER_Justin_EVENTSCRIPT_ITEM,,FALSE,ITEM_HM01,ITEM_HM06,,,,,,,
TRAINER_Martha,Trick House,Trainer,Trainer,TRAINER_Martha_EVENTSCRIPT_ITEM,,FALSE,ITEM_HM01,ITEM_HM06,,,,,,,
TRAINER_Alan,Trick House,Trainer,Trainer,TRAINER_Alan_EVENTSCRIPT_ITEM,,FALSE,ITEM_HM01,ITEM_HM06,,,,,,,
ITEM_MECH_MAIL,Trick House,Normal Item,Item Ball,FLAG_ITEM_TRICK_HOUSE_PUZZLE_4_MECH_MAIL,,FALSE,ITEM_HM01,ITEM_HM06,ITEM_HM04,,,,,,
TRAINER_Yuji,Trick House,Trainer,Trainer,TRAINER_Yuji_EVENTSCRIPT_ITEM,,FALSE,ITEM_HM01,ITEM_HM06,ITEM_HM04,,,,,,
TRAINER_Cora,Trick House,Trainer,Trainer,TRAINER_Cora_EVENTSCRIPT_ITEM,,FALSE,ITEM_HM01,ITEM_HM06,ITEM_HM04,,,,,,
TRAINER_Paula,Trick House,Trainer,Trainer,TRAINER_Paula_EVENTSCRIPT_ITEM,,FALSE,ITEM_HM01,ITEM_HM06,ITEM_HM04,,,,,,
ITEM_GLITTER_MAIL,Trick House,Normal Item,Item Ball,FLAG_ITEM_TRICK_HOUSE_PUZZLE_6_GLITTER_MAIL,,FALSE,ITEM_HM01,ITEM_HM06,ITEM_HM04,,,,,,
TRAINER_Sophia,Trick House,Trainer,Trainer,TRAINER_Sophia_EVENTSCRIPT_ITEM,,FALSE,ITEM_HM01,ITEM_HM06,ITEM_HM04,,,,,,
TRAINER_Sebastian,Trick House,Trainer,Trainer,TRAINER_Sebastian_EVENTSCRIPT_ITEM,,FALSE,ITEM_HM01,ITEM_HM06,ITEM_HM04,,,,,,
TRAINER_Benny,Trick House,Trainer,Trainer,TRAINER_Benny_EVENTSCRIPT_ITEM,,FALSE,ITEM_HM01,ITEM_HM06,ITEM_HM04,,,,,,
ITEM_TROPIC_MAIL,Trick House,Normal Item,Item Ball,FLAG_ITEM_TRICK_HOUSE_PUZZLE_7_TROPIC_MAIL,,FALSE,ITEM_HM01,ITEM_HM06,ITEM_HM04,,,,,,
TRAINER_Joshua,Trick House,Trainer,Trainer,TRAINER_Joshua_EVENTSCRIPT_ITEM,,FALSE,ITEM_HM01,ITEM_HM06,ITEM_HM04,,,,,,
TRAINER_Patricia,Trick House,Trainer,Trainer,TRAINER_Patricia_EVENTSCRIPT_ITEM,,FALSE,ITEM_HM01,ITEM_HM06,ITEM_HM04,,,,,,
TRAINER_Mariela,Trick House,Trainer,Trainer,TRAINER_Mariela_EVENTSCRIPT_ITEM,,FALSE,ITEM_HM01,ITEM_HM06,ITEM_HM04,,,,,,
TRAINER_Everett,Trick House,Trainer,Trainer,TRAINER_Everett_EVENTSCRIPT_ITEM,,FALSE,ITEM_HM01,ITEM_HM06,ITEM_HM04,,,,,,
TRAINER_Alexis,Trick House,Trainer,Trainer,TRAINER_Alexis_EVENTSCRIPT_ITEM,,FALSE,ITEM_HM01,ITEM_HM06,ITEM_HM04,,,,,,
TRAINER_Alvaro,Trick House,Trainer,Trainer,TRAINER_Alvaro_EVENTSCRIPT_ITEM,,FALSE,ITEM_HM01,ITEM_HM06,ITEM_HM04,,,,,,
ITEM_BEAD_MAIL,Trick House,Normal Item,Item Ball,FLAG_ITEM_TRICK_HOUSE_PUZZLE_8_BEAD_MAIL,,FALSE,ITEM_HM01,ITEM_HM06,ITEM_HM04,,,,,,
TRAINER_Keira,Trick House,Trainer,Trainer,TRAINER_Keira_EVENTSCRIPT_ITEM,,FALSE,ITEM_HM01,ITEM_HM06,ITEM_HM04,,,,,,
TRAINER_Vincent,Trick House,Trainer,Trainer,TRAINER_Vincent_EVENTSCRIPT_ITEM,,FALSE,ITEM_HM01,ITEM_HM06,ITEM_HM04,,,,,,
TRAINER_Leroy,Trick House,Trainer,Trainer,TRAINER_Leroy_EVENTSCRIPT_ITEM,,FALSE,ITEM_HM01,ITEM_HM06,ITEM_HM04,,,,,,
ITEM_MACHO_BRACE,Route 111,Normal Item,NPC,,,FALSE,,,,,,,,,
ITEM_HP_UP,Route 111,Normal Item,Item Ball,FLAG_ITEM_ROUTE_111_HP_UP,,FALSE,ITEM_HM03,,,,,,,,
ITEM_ELIXIR,Route 111,Normal Item,Item Ball,FLAG_ITEM_ROUTE_111_ELIXIR,,FALSE,,,,,,,,,
ITEM_STARDUST,Route 111,Normal Item,Item Ball,FLAG_ITEM_ROUTE_111_STARDUST,,FALSE,ITEM_GO_GOGGLES,,,,,,,,
ITEM_STARDUST,Route 111,Normal Item,Hidden Item,FLAG_HIDDEN_ITEM_ROUTE_111_STARDUST,,TRUE,ITEM_GO_GOGGLES,,,,,,,,
ITEM_PROTEIN,Route 111,Normal Item,Hidden Item,FLAG_HIDDEN_ITEM_ROUTE_111_PROTEIN,,TRUE,ITEM_GO_GOGGLES,,,,,,,,
ITEM_RARE_CANDY,Route 111,Normal Item,Hidden Item,FLAG_HIDDEN_ITEM_ROUTE_111_RARE_CANDY,,TRUE,ITEM_GO_GOGGLES,,,,,,,,
ITEM_RAZZ_BERRY,Route 111,Normal Item,NPC,,,FALSE,,,,,,,,,
ITEM_TM_SANDSTORM,Route 111,TM,Item Ball,FLAG_ITEM_ROUTE_111_TM_SANDSTORM,,FALSE,ITEM_GO_GOGGLES,,,,,,,,
ITEM_TM43,Route 111,TM,NPC,,,FALSE,,,,,,,,,
TRAINER_Tyron,Route 111,Trainer,Trainer,TRAINER_Tyron_EVENTSCRIPT_ITEM,,FALSE,,,,,,,,,
TRAINER_Celina,Route 111,Trainer,Trainer,TRAINER_Celina_EVENTSCRIPT_ITEM,,FALSE,,,,,,,,,
TRAINER_Bianca,Route 111,Trainer,Trainer,TRAINER_Bianca_EVENTSCRIPT_ITEM,,FALSE,,,,,,,,,
TRAINER_Hayden,Route 111,Trainer,Trainer,TRAINER_Hayden_EVENTSCRIPT_ITEM,,FALSE,,,,,,,,,
TRAINER_Gabby_And_Ty_1,Route 111,Trainer,Trainer,TRAINER_Gabby_And_Ty_1_EVENTSCRIPT_ITEM,,FALSE,,,,,,,,,
TRAINER_Irene,Route 111,Trainer,Trainer,TRAINER_Irene_EVENTSCRIPT_ITEM,,FALSE,,,,,,,,,
TRAINER_Travis,Route 111,Trainer,Trainer,TRAINER_Travis_EVENTSCRIPT_ITEM,,FALSE,,,,,,,,,
TRAINER_Heidi,Route 111,Trainer,Trainer,TRAINER_Heidi_EVENTSCRIPT_ITEM,,FALSE,ITEM_GO_GOGGLES,,,,,,,,
TRAINER_Beau,Route 111,Trainer,Trainer,TRAINER_Beau_EVENTSCRIPT_ITEM,,FALSE,ITEM_GO_GOGGLES,,,,,,,,
TRAINER_Drew,Route 111,Trainer,Trainer,TRAINER_Drew_EVENTSCRIPT_ITEM,,FALSE,ITEM_GO_GOGGLES,,,,,,,,
TRAINER_Becky,Route 111,Trainer,Trainer,TRAINER_Becky_EVENTSCRIPT_ITEM,,FALSE,ITEM_GO_GOGGLES,,,,,,,,
TRAINER_Dusty_1,Route 111,Trainer,Trainer,TRAINER_Dusty_1_EVENTSCRIPT_ITEM,,FALSE,ITEM_GO_GOGGLES,,,,,,,,
TRAINER_Celia,Route 111,Trainer,Trainer,TRAINER_Celia_EVENTSCRIPT_ITEM,,FALSE,ITEM_GO_GOGGLES,,,,,,,,
TRAINER_Bryan,Route 111,Trainer,Trainer,TRAINER_Bryan_EVENTSCRIPT_ITEM,,FALSE,ITEM_GO_GOGGLES,,,,,,,,
TRAINER_Branden,Route 111,Trainer,Trainer,TRAINER_Branden_EVENTSCRIPT_ITEM,,FALSE,ITEM_GO_GOGGLES,,,,,,,,
TRAINER_Wilton_1,Route 111,Trainer,Trainer,TRAINER_Wilton_1_EVENTSCRIPT_ITEM,,FALSE,,,,,,,,,
TRAINER_Brooke_1,Route 111,Trainer,Trainer,TRAINER_Brooke_1_EVENTSCRIPT_ITEM,,FALSE,,,,,,,,,
TRAINER_Daisuke,Route 111,Trainer,Trainer,TRAINER_Daisuke_EVENTSCRIPT_ITEM,,FALSE,,,,,,,,,
TRAINER_Victor,Route 111,Trainer,Trainer,TRAINER_Victor_EVENTSCRIPT_ITEM,,FALSE,,,,,,,,,
TRAINER_Victoria,Route 111,Trainer,Trainer,TRAINER_Victoria_EVENTSCRIPT_ITEM,,FALSE,,,,,,,,,
TRAINER_Vivi,Route 111,Trainer,Trainer,TRAINER_Vivi_EVENTSCRIPT_ITEM,,FALSE,,,,,,,,,
TRAINER_Vicky,Route 111,Trainer,Trainer,TRAINER_Vicky_EVENTSCRIPT_ITEM,,FALSE,,,,,,,,,
ITEM_NUGGET,Route 112,Normal Item,Item Ball,FLAG_ITEM_ROUTE_112_NUGGET,,FALSE,,,,,,,,,
TRAINER_Larry,Route 112,Trainer,Trainer,TRAINER_Larry_EVENTSCRIPT_ITEM,,FALSE,,,,,,,,,
TRAINER_Carol,Route 112,Trainer,Trainer,TRAINER_Carol_EVENTSCRIPT_ITEM,,FALSE,,,,,,,,,
TRAINER_Trent_1,Route 112,Trainer,Trainer,TRAINER_Trent_1_EVENTSCRIPT_ITEM,,FALSE,,,,,,,,,
TRAINER_Brice,Route 112,Trainer,Trainer,TRAINER_Brice_EVENTSCRIPT_ITEM,,FALSE,,,,,,,,,
TRAINER_Bryant,Route 112,Trainer,Trainer,TRAINER_Bryant_EVENTSCRIPT_ITEM,,FALSE,,,,,,,,,
TRAINER_Shayla,Route 112,Trainer,Trainer,TRAINER_Shayla_EVENTSCRIPT_ITEM,,FALSE,,,,,,,,,
ITEM_ETHER,Route 113,Normal Item,Hidden Item,,,TRUE,,,,,,,,,
ITEM_NUGGET,Route 113,Normal Item,Hidden Item,,,TRUE,,,,,,,,,
ITEM_MAX_ETHER,Route 113,Normal Item,Item Ball,FLAG_ITEM_ROUTE_113_MAX_ETHER,,FALSE,,,,,,,,,
ITEM_TM32,Route 113,TM,Hidden Item,,,TRUE,,,,,,,,,
ITEM_SOOT_SACK,Route 113,Normal Item,NPC,,,FALSE,,,,,,,,,
ITEM_HYPER_POTION,Route 113,Normal Item,Item Ball,,,FALSE,,,,,,,,,
ITEM_SUPER_REPEL,Route 113,Normal Item,Item Ball,FLAG_ITEM_ROUTE_113_SUPER_REPEL,,FALSE,,,,,,,,,
TRAINER_Jaylen,Route 113,Trainer,Trainer,TRAINER_Jaylen_EVENTSCRIPT_ITEM,,FALSE,,,,,,,,,
TRAINER_Lawrence,Route 113,Trainer,Trainer,TRAINER_Lawrence_EVENTSCRIPT_ITEM,,FALSE,,,,,,,,,
TRAINER_Lung,Route 113,Trainer,Trainer,TRAINER_Lung_EVENTSCRIPT_ITEM,,FALSE,,,,,,,,,
TRAINER_Wyatt,Route 113,Trainer,Trainer,TRAINER_Wyatt_EVENTSCRIPT_ITEM,,FALSE,,,,,,,,,
TRAINER_Madeline_1,Route 113,Trainer,Trainer,TRAINER_Madeline_1_EVENTSCRIPT_ITEM,,FALSE,,,,,,,,,
TRAINER_Tori_And_Tia,Route 113,Trainer,Trainer,TRAINER_Tori_And_Tia_EVENTSCRIPT_ITEM,,FALSE,,,,,,,,,
TRAINER_Lao_1,Route 113,Trainer,Trainer,TRAINER_Lao_1_EVENTSCRIPT_ITEM,,FALSE,,,,,,,,,
TRAINER_Dillon,Route 113,Trainer,Trainer,TRAINER_Dillon_EVENTSCRIPT_ITEM,,FALSE,,,,,,,,,
TRAINER_Sophie,Route 113,Trainer,Trainer,TRAINER_Sophie_EVENTSCRIPT_ITEM,,FALSE,,,,,,,,,
TRAINER_Coby,Route 113,Trainer,Trainer,TRAINER_Coby_EVENTSCRIPT_ITEM,,FALSE,,,,,,,,,
ITEM_TM28,Route 114,TM,NPC,,,FALSE,,,,,,,,,
ITEM_TM05,Route 114,TM,NPC,,,FALSE,,,,,,,,,
ITEM_ENERGY_POWDER,Route 114,Normal Item,Item Ball,FLAG_ITEM_ROUTE_114_ENERGY_POWDER,,FALSE,,,,,,,,,
ITEM_REVIVE,Route 114,Normal Item,Hidden Item,FLAG_HIDDEN_ITEM_ROUTE_114_REVIVE,,TRUE,,,,,,,,,
ITEM_CARBOS,Route 114,Normal Item,Hidden Item,FLAG_HIDDEN_ITEM_ROUTE_114_CARBOS,,TRUE,,,,,,,,,
ITEM_PROTEIN,Route 114,Normal Item,Item Ball,FLAG_ITEM_ROUTE_114_PROTEIN,,FALSE,,,,,,,,,
DECOR_LOTAD_DOLL,Route 114,Normal Item,NPC,,,FALSE,,,,,,,,,
ITEM_RARE_CANDY,Route 114,Normal Item,Item Ball,FLAG_ITEM_ROUTE_114_RARE_CANDY,,FALSE,,,,,,,,,
TRAINER_Nolan,Route 114,Trainer,Trainer,TRAINER_Nolan_EVENTSCRIPT_ITEM,,FALSE,,,,,,,,,
TRAINER_Charlotte,Route 114,Trainer,Trainer,TRAINER_Charlotte_EVENTSCRIPT_ITEM,,FALSE,,,,,,,,,
TRAINER_Kai,Route 114,Trainer,Trainer,TRAINER_Kai_EVENTSCRIPT_ITEM,,FALSE,,,,,,,,,
TRAINER_Claude,Route 114,Trainer,Trainer,TRAINER_Claude_EVENTSCRIPT_ITEM,,FALSE,,,,,,,,,
TRAINER_Nancy,Route 114,Trainer,Trainer,TRAINER_Nancy_EVENTSCRIPT_ITEM,,FALSE,,,,,,,,,
TRAINER_Tyra_And_Ivy,Route 114,Trainer,Trainer,TRAINER_Tyra_And_Ivy_EVENTSCRIPT_ITEM,,FALSE,,,,,,,,,
TRAINER_Shane,Route 114,Trainer,Trainer,TRAINER_Shane_EVENTSCRIPT_ITEM,,FALSE,,,,,,,,,
TRAINER_Steve_1,Route 114,Trainer,Trainer,TRAINER_Steve_1_EVENTSCRIPT_ITEM,,FALSE,,,,,,,,,
TRAINER_Bernie_1,Route 114,Trainer,Trainer,TRAINER_Bernie_1_EVENTSCRIPT_ITEM,,FALSE,,,,,,,,,
TRAINER_Lucas_1,Route 114,Trainer,Trainer,TRAINER_Lucas_1_EVENTSCRIPT_ITEM,,FALSE,,,,,,,,,
TRAINER_Angelina,Route 114,Trainer,Trainer,TRAINER_Angelina_EVENTSCRIPT_ITEM,,FALSE,,,,,,,,,
TRAINER_Lenny,Route 114,Trainer,Trainer,TRAINER_Lenny_EVENTSCRIPT_ITEM,,FALSE,,,,,,,,,
ITEM_SUPER_POTION,Route 115,Normal Item,Item Ball,FLAG_ITEM_ROUTE_115_SUPER_POTION,,FALSE,,,,,,,,,
ITEM_HEART_SCALE,Route 115,Normal Item,Hidden Item,FLAG_HIDDEN_ITEM_ROUTE_115_HEART_SCALE,,TRUE,,,,,,,,,
ITEM_GREAT_BALL,Route 115,Normal Item,Item Ball,FLAG_ITEM_ROUTE_115_GREAT_BALL,,FALSE,,,,,,,,,
ITEM_PP_UP,Route 115,Normal Item,Item Ball,FLAG_ITEM_ROUTE_115_PP_UP,,FALSE,,,,,,,,,
ITEM_TM_FOCUS_PUNCH,Route 115,TM,Item Ball,FLAG_ITEM_ROUTE_115_TM_FOCUS_PUNCH,,FALSE,,,,,,,,,
ITEM_HEAL_POWDER,Route 115,Normal Item,Item Ball,FLAG_ITEM_ROUTE_115_HEAL_POWDER,,FALSE,,,,,,,,,
ITEM_IRON,Route 115,Normal Item,Item Ball,FLAG_ITEM_ROUTE_115_IRON,,FALSE,,,,,,,,,
TRAINER_Nob_1,Route 115,Trainer,Trainer,TRAINER_Nob_1_EVENTSCRIPT_ITEM,,FALSE,,,,,,,,,
TRAINER_Hector,Route 115,Trainer,Trainer,TRAINER_Hector_EVENTSCRIPT_ITEM,,FALSE,,,,,,,,,
TRAINER_Marlene,Route 115,Trainer,Trainer,TRAINER_Marlene_EVENTSCRIPT_ITEM,,FALSE,,,,,,,,,
TRAINER_Cyndy_1,Route 115,Trainer,Trainer,TRAINER_Cyndy_1_EVENTSCRIPT_ITEM,,FALSE,,,,,,,,,
TRAINER_Jaiden,Route 115,Trainer,Trainer,TRAINER_Jaiden_EVENTSCRIPT_ITEM,,FALSE,ITEM_HM03,,,,,,,,
TRAINER_Timothy_1,Route 115,Trainer,Trainer,TRAINER_Timothy_1_EVENTSCRIPT_ITEM,,FALSE,ITEM_HM03,,,,,,,,
TRAINER_Kyra,Route 115,Trainer,Trainer,TRAINER_Kyra_EVENTSCRIPT_ITEM,,FALSE,ITEM_HM03,,,,,,,,
TRAINER_Koichi,Route 115,Trainer,Trainer,TRAINER_Koichi_EVENTSCRIPT_ITEM,,FALSE,ITEM_HM03,,,,,,,,
TRAINER_Helene,Route 115,Trainer,Trainer,TRAINER_Helene_EVENTSCRIPT_ITEM,,FALSE,ITEM_HM03,,,,,,,,
TRAINER_Alix,Route 115,Trainer,Trainer,TRAINER_Alix_EVENTSCRIPT_ITEM,,FALSE,ITEM_HM03,,,,,,,,
ITEM_REPEL,Route 116,Normal Item,Item Ball,FLAG_ITEM_ROUTE_116_REPEL,,FALSE,,,,,,,,,
ITEM_X_SP_ATK,Route 116,Normal Item,Item Ball,FLAG_ITEM_ROUTE_116_X_SPECIAL,,FALSE,,,,,,,,,
ITEM_SUPER_POTION,Route 116,Normal Item,Hidden Item,FLAG_HIDDEN_ITEM_ROUTE_116_SUPER_POTION,,FALSE,,,,,,,,,
ITEM_ETHER,Route 116,Normal Item,Item Ball,FLAG_ITEM_ROUTE_116_ETHER,,FALSE,,,,,,,,,
ITEM_POTION,Route 116,Normal Item,Item Ball,FLAG_ITEM_ROUTE_116_POTION,,FALSE,,,,,,,,,
ITEM_REPEAT_BALL,Route 116,Normal Item,NPC,,,FALSE,,,,,,,,,
ITEM_BLACK_GLASSES,Route 116,Normal Item,Hidden Item,FLAG_HIDDEN_ITEM_ROUTE_116_BLACK_GLASSES,,FALSE,,,,,,,,,
ITEM_HP_UP,Route 116,Normal Item,Item Ball,FLAG_ITEM_ROUTE_116_HP_UP,,FALSE,,,,,,,,,
TRAINER_Jose,Route 116,Trainer,Trainer,TRAINER_Jose_EVENTSCRIPT_ITEM,,FALSE,,,,,,,,,
TRAINER_Joey,Route 116,Trainer,Trainer,TRAINER_Joey_EVENTSCRIPT_ITEM,,FALSE,,,,,,,,,
TRAINER_Karen_1,Route 116,Trainer,Trainer,TRAINER_Karen_1_EVENTSCRIPT_ITEM,,FALSE,,,,,,,,,
TRAINER_Clark,Route 116,Trainer,Trainer,TRAINER_Clark_EVENTSCRIPT_ITEM,,FALSE,,,,,,,,,
TRAINER_Johnson,Route 116,Trainer,Trainer,TRAINER_Johnson_EVENTSCRIPT_ITEM,,FALSE,,,,,,,,,
TRAINER_Devan,Route 116,Trainer,Trainer,TRAINER_Devan_EVENTSCRIPT_ITEM,,FALSE,,,,,,,,,
TRAINER_Sarah,Route 116,Trainer,Trainer,TRAINER_Sarah_EVENTSCRIPT_ITEM,,FALSE,ITEM_HM01,,,,,,,,
TRAINER_Dawson,Route 116,Trainer,Trainer,TRAINER_Dawson_EVENTSCRIPT_ITEM,,FALSE,ITEM_HM01,,,,,,,,
TRAINER_Jerry_1,Route 116,Trainer,Trainer,TRAINER_Jerry_1_EVENTSCRIPT_ITEM,,FALSE,ITEM_HM01,,,,,,,,
TRAINER_Janice,Route 116,Trainer,Trainer,TRAINER_Janice_EVENTSCRIPT_ITEM,,FALSE,ITEM_HM01,,,,,,,,
ITEM_REVIVE,Route 117,Normal Item,Item Ball,FLAG_ITEM_ROUTE_117_REVIVE,,FALSE,ITEM_HM01,,,,,,,,
ITEM_GREAT_BALL,Route 117,Normal Item,Item Ball,FLAG_ITEM_ROUTE_117_GREAT_BALL,,FALSE,,,,,,,,,
ITEM_REPEL,Route 117,Normal Item,Hidden Item,FLAG_HIDDEN_ITEM_ROUTE_117_REPEL,,TRUE,,,,,,,,,
TRAINER_Dylan_1,Route 117,Trainer,Trainer,TRAINER_Dylan_1_EVENTSCRIPT_ITEM,,FALSE,,,,,,,,,
TRAINER_Anna_And_Meg_1,Route 117,Trainer,Trainer,TRAINER_Anna_And_Meg_1_EVENTSCRIPT_ITEM,,FALSE,,,,,,,,,
TRAINER_Isaac_1,Route 117,Trainer,Trainer,TRAINER_Isaac_1_EVENTSCRIPT_ITEM,,FALSE,,,,,,,,,
TRAINER_Maria_1,Route 117,Trainer,Trainer,TRAINER_Maria_1_EVENTSCRIPT_ITEM,,FALSE,,,,,,,,,
TRAINER_Derek,Route 117,Trainer,Trainer,TRAINER_Derek_EVENTSCRIPT_ITEM,,FALSE,,,,,,,,,
TRAINER_Brandi,Route 117,Trainer,Trainer,TRAINER_Brandi_EVENTSCRIPT_ITEM,,FALSE,,,,,,,,,
TRAINER_Melina,Route 117,Trainer,Trainer,TRAINER_Melina_EVENTSCRIPT_ITEM,,FALSE,,,,,,,,,
TRAINER_Aisha,Route 117,Trainer,Trainer,TRAINER_Aisha_EVENTSCRIPT_ITEM,,FALSE,,,,,,,,,
TRAINER_Lydia_1,Route 117,Trainer,Trainer,TRAINER_Lydia_1_EVENTSCRIPT_ITEM,,FALSE,,,,,,,,,
ITEM_HEART_SCALE,Route 118,Normal Item,Hidden Item,FLAG_HIDDEN_ITEM_ROUTE_118_HEART_SCALE,,TRUE,,,,,,,,,
ITEM_IRON,Route 118,Normal Item,Hidden Item,FLAG_HIDDEN_ITEM_ROUTE_118_IRON,,TRUE,,,,,,,,,
ITEM_GOOD_ROD,Route 118,Normal Item,NPC,,,FALSE,,,,,,,,,
ITEM_HYPER_POTION,Route 118,Normal Item,Item Ball,FLAG_ITEM_ROUTE_118_HYPER_POTION,,FALSE,,,,,,,,,
TRAINER_Rose_1,Route 118,Trainer,Trainer,TRAINER_Rose_1_EVENTSCRIPT_ITEM,,FALSE,,,,,,,,,
TRAINER_Deandre,Route 118,Trainer,Trainer,TRAINER_Deandre_EVENTSCRIPT_ITEM,,FALSE,,,,,,,,,
TRAINER_Wade,Route 118,Trainer,Trainer,TRAINER_Wade_EVENTSCRIPT_ITEM,,FALSE,,,,,,,,,
TRAINER_Dalton_1,Route 118,Trainer,Trainer,TRAINER_Dalton_1_EVENTSCRIPT_ITEM,,FALSE,,,,,,,,,
TRAINER_Gabby_And_Ty_2,Route 118,Trainer,Trainer,TRAINER_Gabby_And_Ty_2_EVENTSCRIPT_ITEM,,FALSE,,,,,,,,,
TRAINER_Barny,Route 118,Trainer,Trainer,TRAINER_Barny_EVENTSCRIPT_ITEM,,FALSE,,,,,,,,,
TRAINER_Chester,Route 118,Trainer,Trainer,TRAINER_Chester_EVENTSCRIPT_ITEM,,FALSE,,,,,,,,,
TRAINER_Perry,Route 118,Trainer,Trainer,TRAINER_Perry_EVENTSCRIPT_ITEM,,FALSE,,,,,,,,,
ITEM_ELIXIR,Route 119,Normal Item,Item Ball,FLAG_ITEM_ROUTE_119_ELIXIR_1,,FALSE,,,,,,,,,
ITEM_ELIXIR,Route 119,Normal Item,Item Ball,FLAG_ITEM_ROUTE_119_ELIXIR_2,,FALSE,,,,,,,,,
ITEM_FULL_HEAL,Route 119,Normal Item,Hidden Item,FLAG_HIDDEN_ITEM_ROUTE_119_FULL_HEAL,,TRUE,,,,,,,,,
ITEM_MAX_ETHER,Route 119,Normal Item,Hidden Item,FLAG_HIDDEN_ITEM_ROUTE_119_MAX_ETHER,,TRUE,ITEM_HM03,,,,,,,,
ITEM_ULTRA_BALL,Route 119,Normal Item,Hidden Item,FLAG_HIDDEN_ITEM_ROUTE_119_ULTRA_BALL,,TRUE,,,,,,,,,
ITEM_LEAF_STONE,Route 119,Normal Item,Item Ball,FLAG_ITEM_ROUTE_119_LEAF_STONE,,FALSE,ITEM_HM03,,,,,,,,
ITEM_HM02,Route 119,HM,NPC,,,FALSE,,,,,,,,,
ITEM_SUPER_REPEL,Route 119,Normal Item,Item Ball,FLAG_ITEM_ROUTE_119_SUPER_REPEL,,FALSE,,,,,,,,,
ITEM_HYPER_POTION,Route 119,Normal Item,Item Ball,FLAG_ITEM_ROUTE_119_HYPER_POTION_1,,FALSE,,,,,,,,,
ITEM_HYPER_POTION,Route 119,Normal Item,Item Ball,FLAG_ITEM_ROUTE_119_HYPER_POTION_2,,FALSE,,,,,,,,,
ITEM_ZINC,Route 119,Normal Item,Item Ball,FLAG_ITEM_ROUTE_119_ZINC,,FALSE,,,,,,,,,
ITEM_CALCIUM,Route 119,Normal Item,Hidden Item,FLAG_HIDDEN_ITEM_ROUTE_119_CALCIUM,,TRUE,ITEM_ACRO_BIKE,,,,,,,,
ITEM_RARE_CANDY,Route 119,Normal Item,Item Ball,FLAG_ITEM_ROUTE_119_RARE_CANDY,,FALSE,,,,,,,,,
ITEM_NUGGET,Route 119,Normal Item,Item Ball,FLAG_ITEM_ROUTE_119_NUGGET,,FALSE,ITEM_ACRO_BIKE,ITEM_HM03,ITEM_HM07,,,,,,
TRAINER_Kent,Route 119,Trainer,Trainer,TRAINER_Kent_EVENTSCRIPT_ITEM,,FALSE,,,,,,,,,
TRAINER_Donald,Route 119,Trainer,Trainer,TRAINER_Donald_EVENTSCRIPT_ITEM,,FALSE,,,,,,,,,
TRAINER_Greg,Route 119,Trainer,Trainer,TRAINER_Greg_EVENTSCRIPT_ITEM,,FALSE,,,,,,,,,
TRAINER_Taylor,Route 119,Trainer,Trainer,TRAINER_Taylor_EVENTSCRIPT_ITEM,,FALSE,,,,,,,,,
TRAINER_Doug,Route 119,Trainer,Trainer,TRAINER_Doug_EVENTSCRIPT_ITEM,,FALSE,,,,,,,,,
TRAINER_Brent,Route 119,Trainer,Trainer,TRAINER_Brent_EVENTSCRIPT_ITEM,,FALSE,,,,,,,,,
TRAINER_Chris,Route 119,Trainer,Trainer,TRAINER_Chris_EVENTSCRIPT_ITEM,,FALSE,,,,,,,,,
TRAINER_Catherine_1,Route 119,Trainer,Trainer,TRAINER_Catherine_1_EVENTSCRIPT_ITEM,,FALSE,,,,,,,,,
TRAINER_Jackson_1,Route 119,Trainer,Trainer,TRAINER_Jackson_1_EVENTSCRIPT_ITEM,,FALSE,,,,,,,,,
TRAINER_Rachel,Route 119,Trainer,Trainer,TRAINER_Rachel_EVENTSCRIPT_ITEM,,FALSE,,,,,,,,,
TRAINER_Phil,Route 119,Trainer,Trainer,TRAINER_Phil_EVENTSCRIPT_ITEM,,FALSE,,,,,,,,,
TRAINER_Takashi,Route 119,Trainer,Trainer,TRAINER_Takashi_EVENTSCRIPT_ITEM,,FALSE,,,,,,,,,
TRAINER_Dayton,Route 119,Trainer,Trainer,TRAINER_Dayton_EVENTSCRIPT_ITEM,,FALSE,,,,,,,,,
TRAINER_Hugh,Route 119,Trainer,Trainer,TRAINER_Hugh_EVENTSCRIPT_ITEM,,FALSE,,,,,,,,,
TRAINER_Fabian,Route 119,Trainer,Trainer,TRAINER_Fabian_EVENTSCRIPT_ITEM,,FALSE,,,,,,,,,
TRAINER_Yasu,Route 119,Trainer,Trainer,TRAINER_Yasu_EVENTSCRIPT_ITEM,,FALSE,,,,,,,,,
TRAINER_Hideo,Route 119,Trainer,Trainer,TRAINER_Hideo_EVENTSCRIPT_ITEM,,FALSE,,,,,,,,,
TRAINER_May_Route_119_Mudkip,Route 119,Trainer,Trainer,TRAINER_May_Route_119_Mudkip_EVENTSCRIPT_ITEM,,FALSE,,,,,,,,,
Rayquaza,Sky Pillar,Trainer,Legendary Pokemon,Rayquaza_Item,,,,,,,,,,,
"SPECIES_CASTFORM, 25",Weather Institute,Pokemon,NPC,,,FALSE,,,,,,,,,
TRAINER_Grunt_Weather_Inst_1,Weather Institute,Trainer,Trainer,TRAINER_Grunt_Weather_Inst_1_EVENTSCRIPT_ITEM,,FALSE,,,,,,,,,
TRAINER_Grunt_Weather_Inst_2,Weather Institute,Trainer,Trainer,TRAINER_Grunt_Weather_Inst_2_EVENTSCRIPT_ITEM,,FALSE,,,,,,,,,
TRAINER_Grunt_Weather_Inst_3,Weather Institute,Trainer,Trainer,TRAINER_Grunt_Weather_Inst_3_EVENTSCRIPT_ITEM,,FALSE,,,,,,,,,
TRAINER_Grunt_Weather_Inst_4,Weather Institute,Trainer,Trainer,TRAINER_Grunt_Weather_Inst_4_EVENTSCRIPT_ITEM,,FALSE,,,,,,,,,
TRAINER_Grunt_Weather_Inst_5,Weather Institute,Trainer,Trainer,TRAINER_Grunt_Weather_Inst_5_EVENTSCRIPT_ITEM,,FALSE,,,,,,,,,
TRAINER_Shelly_Weather_Institute,Weather Institute,Trainer,Trainer,TRAINER_Shelly_Weather_Institute_EVENTSCRIPT_ITEM,,FALSE,,,,,,,,,
ITEM_RARE_CANDY,Route 120,Normal Item,Item Ball,,,TRUE,,,,,,,,,
ITEM_RARE_CANDY,Route 120,Normal Item,Item Ball,,,TRUE,,,,,,,,,
ITEM_DEVON_SCOPE,Route 120,Normal Item,NPC,,,FALSE,,,,,,,,,
ITEM_NEST_BALL,Route 120,Normal Item,Item Ball,FLAG_ITEM_ROUTE_120_NEST_BALL,,FALSE,ITEM_DEVON_SCOPE,,,,,,,,
ITEM_REVIVE,Route 120,Normal Item,Item Ball,FLAG_ITEM_ROUTE_120_REVIVE,,FALSE,,,,,,,,,
ITEM_ZINC,Route 120,Normal Item,Hidden Item,FLAG_HIDDEN_ITEM_ROUTE_120_ZINC,,TRUE,,,,,,,,,
ITEM_NUGGET,Route 120,Normal Item,Item Ball,FLAG_ITEM_ROUTE_120_NUGGET,,FALSE,,,,,,,,,
ITEM_FULL_HEAL,Route 120,Normal Item,Item Ball,FLAG_ITEM_ROUTE_120_FULL_HEAL,,FALSE,,,,,,,,,
ITEM_HYPER_POTION,Route 120,Normal Item,Item Ball,FLAG_ITEM_ROUTE_120_HYPER_POTION,,FALSE,,,,,,,,,
TRAINER_Clarissa,Route 120,Trainer,Trainer,TRAINER_Clarissa_EVENTSCRIPT_ITEM,,FALSE,,,,,,,,,
TRAINER_Gabby_And_Ty_3,Route 120,Trainer,Trainer,TRAINER_Gabby_And_Ty_3_EVENTSCRIPT_ITEM,,FALSE,,,,,,,,,
TRAINER_Robert_1,Route 120,Trainer,Trainer,TRAINER_Robert_1_EVENTSCRIPT_ITEM,,FALSE,,,,,,,,,
TRAINER_Colin,Route 120,Trainer,Trainer,TRAINER_Colin_EVENTSCRIPT_ITEM,,FALSE,,,,,,,,,
TRAINER_Leonel,Route 120,Trainer,Trainer,TRAINER_Leonel_EVENTSCRIPT_ITEM,,FALSE,,,,,,,,,
TRAINER_Angelica,Route 120,Trainer,Trainer,TRAINER_Angelica_EVENTSCRIPT_ITEM,,FALSE,,,,,,,,,
TRAINER_Riley,Route 120,Trainer,Trainer,TRAINER_Riley_EVENTSCRIPT_ITEM,,FALSE,,,,,,,,,
TRAINER_Callie,Route 120,Trainer,Trainer,TRAINER_Callie_EVENTSCRIPT_ITEM,,FALSE,,,,,,,,,
TRAINER_Jennifer,Route 120,Trainer,Trainer,TRAINER_Jennifer_EVENTSCRIPT_ITEM,,FALSE,,,,,,,,,
TRAINER_Jenna,Route 120,Trainer,Trainer,TRAINER_Jenna_EVENTSCRIPT_ITEM,,FALSE,,,,,,,,,
TRAINER_Lorenzo,Route 120,Trainer,Trainer,TRAINER_Lorenzo_EVENTSCRIPT_ITEM,,FALSE,,,,,,,,,
TRAINER_Jeffrey_1,Route 120,Trainer,Trainer,TRAINER_Jeffrey_1_EVENTSCRIPT_ITEM,,FALSE,,,,,,,,,
TRAINER_Keigo,Route 120,Trainer,Trainer,TRAINER_Keigo_EVENTSCRIPT_ITEM,,FALSE,,,,,,,,,
TRAINER_Chip,Route 120,Trainer,Trainer,TRAINER_Chip_EVENTSCRIPT_ITEM,,FALSE,,,,,,,,,
ITEM_HP_UP,Route 121,Normal Item,Hidden Item,FLAG_HIDDEN_ITEM_ROUTE_121_HP_UP,,TRUE,,,,,,,,,
ITEM_ZINC,Route 121,Normal Item,Item Ball,FLAG_ITEM_ROUTE_121_ZINC,,FALSE,ITEM_HM01,,,,,,,,
ITEM_REVIVE,Route 121,Normal Item,Item Ball,FLAG_ITEM_ROUTE_121_REVIVE,,FALSE,,,,,,,,,
ITEM_CARBOS,Route 121,Normal Item,Item Ball,FLAG_ITEM_ROUTE_121_CARBOS,,FALSE,,,,,,,,,
ITEM_NUGGET,Route 121,Normal Item,Hidden Item,FLAG_HIDDEN_ITEM_ROUTE_121_NUGGET,,TRUE,ITEM_HM01,,,,,,,,
ITEM_FULL_HEAL,Route 121,Normal Item,Hidden Item,FLAG_HIDDEN_ITEM_ROUTE_121_FULL_HEAL,,TRUE,,,,,,,,,
ITEM_MAX_REVIVE,Route 121,Normal Item,Hidden Item,FLAG_HIDDEN_ITEM_ROUTE_121_MAX_REVIVE,,TRUE,,,,,,,,,
TRAINER_Cale,Route 121,Trainer,Trainer,TRAINER_Cale_EVENTSCRIPT_ITEM,,FALSE,,,,,,,,,
TRAINER_Tammy,Route 121,Trainer,Trainer,TRAINER_Tammy_EVENTSCRIPT_ITEM,,FALSE,,,,,,,,,
TRAINER_Jessica_1,Route 121,Trainer,Trainer,TRAINER_Jessica_1_EVENTSCRIPT_ITEM,,FALSE,,,,,,,,,
TRAINER_Kate_And_Joy,Route 121,Trainer,Trainer,TRAINER_Kate_And_Joy_EVENTSCRIPT_ITEM,,FALSE,,,,,,,,,
TRAINER_Pat,Route 121,Trainer,Trainer,TRAINER_Pat_EVENTSCRIPT_ITEM,,FALSE,,,,,,,,,
TRAINER_Myles,Route 121,Trainer,Trainer,TRAINER_Myles_EVENTSCRIPT_ITEM,,FALSE,,,,,,,,,
TRAINER_Walter_1,Route 121,Trainer,Trainer,TRAINER_Walter_1_EVENTSCRIPT_ITEM,,FALSE,,,,,,,,,
TRAINER_Vanessa,Route 121,Trainer,Trainer,TRAINER_Vanessa_EVENTSCRIPT_ITEM,,FALSE,,,,,,,,,
TRAINER_Marcel,Route 121,Trainer,Trainer,TRAINER_Marcel_EVENTSCRIPT_ITEM,,FALSE,,,,,,,,,
TRAINER_Cristin_1,Route 121,Trainer,Trainer,TRAINER_Cristin_1_EVENTSCRIPT_ITEM,,FALSE,,,,,,,,,
ITEM_MAX_REVIVE,Safari Zone,Normal Item,Item Ball,FLAG_ITEM_SAFARI_ZONE_SOUTH_WEST_MAX_REVIVE,,FALSE,ITEM_HM03,ITEM_ACRO_BIKE,,,,,,,
ITEM_TM_SOLAR_BEAM,Safari Zone,Normal Item,Item Ball,FLAG_ITEM_SAFARI_ZONE_NORTH_WEST_TM_SOLAR_BEAM,,FALSE,ITEM_HM03,ITEM_MACH_BIKE,,,,,,,
ITEM_CALCIUM,Safari Zone,Normal Item,Item Ball,FLAG_ITEM_SAFARI_ZONE_NORTH_CALCIUM,,FALSE,ITEM_ACRO_BIKE,,,,,,,,
ITEM_PP_UP,Safari Zone,Normal Item,Hidden Item,FLAG_HIDDEN_ITEM_SAFARI_ZONE_SOUTH_EAST_PP_UP,,TRUE,,,,,,,,,
ITEM_FULL_RESTORE,Safari Zone,Normal Item,Hidden Item,FLAG_HIDDEN_ITEM_SAFARI_ZONE_SOUTH_EAST_FULL_RESTORE,,TRUE,,,,,,,,,
ITEM_BIG_PEARL,Safari Zone,Normal Item,Item Ball,FLAG_ITEM_SAFARI_ZONE_SOUTH_EAST_BIG_PEARL,,FALSE,ITEM_HM03,,,,,,,,
ITEM_RARE_CANDY,Safari Zone,Normal Item,Item Ball,FLAG_HIDDEN_ITEM_SAFARI_ZONE_NORTH_EAST_RARE_CANDY,,TRUE,,,,,,,,,
ITEM_ZINC,Safari Zone,Normal Item,Item Ball,FLAG_HIDDEN_ITEM_SAFARI_ZONE_NORTH_EAST_ZINC,,TRUE,,,,,,,,,
ITEM_NUGGET,Safari Zone,Normal Item,Item Ball,FLAG_ITEM_SAFARI_ZONE_NORTH_EAST_NUGGET,,FALSE,,,,,,,,,
ITEM_PP_UP,Route 123,Normal Item,Hidden Item,FLAG_HIDDEN_ITEM_ROUTE_123_PP_UP,,TRUE,ITEM_HM01,,,,,,,,
ITEM_RARE_CANDY,Route 123,Normal Item,Hidden Item,FLAG_HIDDEN_ITEM_ROUTE_123_RARE_CANDY,,TRUE,ITEM_HM01,,,,,,,,
ITEM_TM19,Route 123,Normal Item,NPC,,,FALSE,,,,,,,,,
ITEM_HYPER_POTION,Route 123,Normal Item,Hidden Item,FLAG_HIDDEN_ITEM_ROUTE_123_HYPER_POTION,,TRUE,,,,,,,,,
ITEM_ELIXIR,Route 123,Normal Item,Item Ball,FLAG_ITEM_ROUTE_123_ELIXIR,,FALSE,,,,,,,,,
ITEM_SUPER_REPEL,Route 123,Normal Item,Hidden Item,FLAG_HIDDEN_ITEM_ROUTE_123_SUPER_REPEL,,TRUE,,,,,,,,,
ITEM_REVIVAL_HERB,Route 123,Normal Item,Item Ball,FLAG_ITEM_ROUTE_123_REVIVAL_HERB,,FALSE,,,,,,,,,
ITEM_PP_UP,Route 123,Normal Item,Item Ball,FLAG_ITEM_ROUTE_123_PP_UP,,FALSE,,,,,,,,,
ITEM_CALCIUM,Route 123,Normal Item,Item Ball,FLAG_ITEM_ROUTE_123_CALCIUM,,FALSE,,,,,,,,,
ITEM_ULTRA_BALL,Route 123,Normal Item,Item Ball,FLAG_ITEM_ROUTE_123_ULTRA_BALL,,FALSE,,,,,,,,,
ITEM_REVIVE,Route 123,Normal Item,Hidden Item,FLAG_HIDDEN_ITEM_ROUTE_123_REVIVE,,TRUE,,,,,,,,,
TRAINER_Davis,Route 123,Trainer,Trainer,TRAINER_Davis_EVENTSCRIPT_ITEM,,FALSE,,,,,,,,,
TRAINER_Jazmyn,Route 123,Trainer,Trainer,TRAINER_Jazmyn_EVENTSCRIPT_ITEM,,FALSE,,,,,,,,,
TRAINER_Violet,Route 123,Trainer,Trainer,TRAINER_Violet_EVENTSCRIPT_ITEM,,FALSE,,,,,,,,,
TRAINER_Miu_And_Yuki,Route 123,Trainer,Trainer,TRAINER_Miu_And_Yuki_EVENTSCRIPT_ITEM,,FALSE,,,,,,,,,
TRAINER_Kindra,Route 123,Trainer,Trainer,TRAINER_Kindra_EVENTSCRIPT_ITEM,,FALSE,,,,,,,,,
TRAINER_Ed,Route 123,Trainer,Trainer,TRAINER_Ed_EVENTSCRIPT_ITEM,,FALSE,,,,,,,,,
TRAINER_Wendy,Route 123,Trainer,Trainer,TRAINER_Wendy_EVENTSCRIPT_ITEM,,FALSE,,,,,,,,,
TRAINER_Braxton,Route 123,Trainer,Trainer,TRAINER_Braxton_EVENTSCRIPT_ITEM,,FALSE,,,,,,,,,
TRAINER_Fernando_1,Route 123,Trainer,Trainer,TRAINER_Fernando_1_EVENTSCRIPT_ITEM,,FALSE,,,,,,,,,
TRAINER_Alberto,Route 123,Trainer,Trainer,TRAINER_Alberto_EVENTSCRIPT_ITEM,,FALSE,,,,,,,,,
TRAINER_Jacki_1,Route 123,Trainer,Trainer,TRAINER_Jacki_1_EVENTSCRIPT_ITEM,,FALSE,,,,,,,,,
TRAINER_Fredrick,Route 123,Trainer,Trainer,TRAINER_Fredrick_EVENTSCRIPT_ITEM,,FALSE,,,,,,,,,
ITEM_BLUE_SHARD,Route 124,Normal Item,Item Ball,FLAG_ITEM_ROUTE_124_BLUE_SHARD,,FALSE,ITEM_HM08,,,,,,,,
ITEM_YELLOW_SHARD,Route 124,Normal Item,Item Ball,FLAG_ITEM_ROUTE_124_YELLOW_SHARD,,FALSE,ITEM_HM08,,,,,,,,
ITEM_RED_SHARD,Route 124,Normal Item,Item Ball,FLAG_ITEM_ROUTE_124_RED_SHARD,,FALSE,ITEM_HM08,,,,,,,,
ITEM_CARBOS,Route 124,Normal Item,Hidden Item,FLAG_HIDDEN_ITEM_UNDERWATER_124_CARBOS,,TRUE,ITEM_HM08,,,,,,,,
ITEM_CALCIUM,Route 124,Normal Item,Hidden Item,FLAG_HIDDEN_ITEM_UNDERWATER_124_CALCIUM,,TRUE,ITEM_HM08,,,,,,,,
ITEM_HEART_SCALE,Route 124,Normal Item,Hidden Item,FLAG_HIDDEN_ITEM_UNDERWATER_124_HEART_SCALE_1,,TRUE,ITEM_HM08,,,,,,,,
ITEM_HEART_SCALE,Route 124,Normal Item,Hidden Item,FLAG_HIDDEN_ITEM_UNDERWATER_124_HEART_SCALE_2,,TRUE,ITEM_HM08,,,,,,,,
ITEM_PEARL,Route 124,Normal Item,Hidden Item,FLAG_HIDDEN_ITEM_UNDERWATER_124_PEARL,,TRUE,ITEM_HM08,,,,,,,,
ITEM_BIG_PEARL,Route 124,Normal Item,Hidden Item,FLAG_HIDDEN_ITEM_UNDERWATER_124_BIG_PEARL,,TRUE,ITEM_HM08,,,,,,,,
ITEM_GREEN_SHARD,Route 124,Normal Item,Hidden Item,FLAG_HIDDEN_ITEM_UNDERWATER_124_GREEN_SHARD,,TRUE,ITEM_HM08,,,,,,,,
TRAINER_Grace,Route 124,Trainer,Trainer,TRAINER_Grace_EVENTSCRIPT_ITEM,,FALSE,ITEM_HM08,,,,,,,,
TRAINER_Declan,Route 124,Trainer,Trainer,TRAINER_Declan_EVENTSCRIPT_ITEM,,FALSE,ITEM_HM08,,,,,,,,
TRAINER_Lila_And_Roy_1,Route 124,Trainer,Trainer,TRAINER_Lila_And_Roy_1_EVENTSCRIPT_ITEM,,FALSE,ITEM_HM08,,,,,,,,
TRAINER_Spencer,Route 124,Trainer,Trainer,TRAINER_Spencer_EVENTSCRIPT_ITEM,,FALSE,ITEM_HM08,,,,,,,,
TRAINER_Jenny_1,Route 124,Trainer,Trainer,TRAINER_Jenny_1_EVENTSCRIPT_ITEM,,FALSE,ITEM_HM08,,,,,,,,
TRAINER_Chad,Route 124,Trainer,Trainer,TRAINER_Chad_EVENTSCRIPT_ITEM,,FALSE,ITEM_HM08,,,,,,,,
TRAINER_Isabella,Route 124,Trainer,Trainer,TRAINER_Isabella_EVENTSCRIPT_ITEM,,FALSE,ITEM_HM08,,,,,,,,
TRAINER_Roland,Route 124,Trainer,Trainer,TRAINER_Roland_EVENTSCRIPT_ITEM,,FALSE,ITEM_HM08,,,,,,,,
ITEM_BIG_PEARL,Route 125,Normal Item,Item Ball,FLAG_ITEM_ROUTE_125_BIG_PEARL,,FALSE,ITEM_HM03,,,,,,,,
TRAINER_Ernest_1,Route 125,Trainer,Trainer,TRAINER_Ernest_1_EVENTSCRIPT_ITEM,,FALSE,,,,,,,,,
TRAINER_Nolen,Route 125,Trainer,Trainer,TRAINER_Nolen_EVENTSCRIPT_ITEM,,FALSE,,,,,,,,,
TRAINER_Sharon,Route 125,Trainer,Trainer,TRAINER_Sharon_EVENTSCRIPT_ITEM,,FALSE,,,,,,,,,
TRAINER_Tanya,Route 125,Trainer,Trainer,TRAINER_Tanya_EVENTSCRIPT_ITEM,,FALSE,,,,,,,,,
TRAINER_Presley,Route 125,Trainer,Trainer,TRAINER_Presley_EVENTSCRIPT_ITEM,,FALSE,,,,,,,,,
TRAINER_Auron,Route 125,Trainer,Trainer,TRAINER_Auron_EVENTSCRIPT_ITEM,,FALSE,,,,,,,,,
TRAINER_Stan,Route 125,Trainer,Trainer,TRAINER_Stan_EVENTSCRIPT_ITEM,,FALSE,,,,,,,,,
TRAINER_Kim_And_Iris,Route 125,Trainer,Trainer,TRAINER_Kim_And_Iris_EVENTSCRIPT_ITEM,,FALSE,,,,,,,,,
ITEM_GREEN_SHARD,Route 126,Normal Item,Item Ball,FLAG_ITEM_ROUTE_126_GREEN_SHARD,,FALSE,ITEM_HM03,ITEM_HM08,,,,,,,
ITEM_ULTRA_BALL,Route 126,Normal Item,Hidden Item,FLAG_HIDDEN_ITEM_UNDERWATER_126_ULTRA_BALL,,TRUE,ITEM_HM03,ITEM_HM08,,,,,,,
ITEM_HEART_SCALE,Route 126,Normal Item,Hidden Item,FLAG_HIDDEN_ITEM_UNDERWATER_126_HEART_SCALE,,TRUE,ITEM_HM03,ITEM_HM08,,,,,,,
ITEM_STARDUST,Route 126,Normal Item,Hidden Item,FLAG_HIDDEN_ITEM_UNDERWATER_126_STARDUST,,TRUE,ITEM_HM03,ITEM_HM08,,,,,,,
ITEM_YELLOW_SHARD,Route 126,Normal Item,Hidden Item,FLAG_HIDDEN_ITEM_UNDERWATER_126_YELLOW_SHARD,,TRUE,ITEM_HM03,ITEM_HM08,,,,,,,
ITEM_PEARL,Route 126,Normal Item,Hidden Item,FLAG_HIDDEN_ITEM_UNDERWATER_126_PEARL,,TRUE,ITEM_HM03,ITEM_HM08,,,,,,,
ITEM_IRON,Route 126,Normal Item,Hidden Item,FLAG_HIDDEN_ITEM_UNDERWATER_126_IRON,,TRUE,ITEM_HM03,ITEM_HM08,,,,,,,
ITEM_BIG_PEARL,Route 126,Normal Item,Hidden Item,FLAG_HIDDEN_ITEM_UNDERWATER_126_BIG_PEARL,,TRUE,ITEM_HM03,ITEM_HM08,,,,,,,
ITEM_BLUE_SHARD,Route 126,Normal Item,Hidden Item,FLAG_HIDDEN_ITEM_UNDERWATER_126_BLUE_SHARD,,TRUE,ITEM_HM03,ITEM_HM08,,,,,,,
TRAINER_Leonardo,Route 126,Trainer,Trainer,TRAINER_Leonardo_EVENTSCRIPT_ITEM,,FALSE,,,,,,,,,
TRAINER_Isobel,Route 126,Trainer,Trainer,TRAINER_Isobel_EVENTSCRIPT_ITEM,,FALSE,,,,,,,,,
TRAINER_Dean,Route 126,Trainer,Trainer,TRAINER_Dean_EVENTSCRIPT_ITEM,,FALSE,,,,,,,,,
TRAINER_Nikki,Route 126,Trainer,Trainer,TRAINER_Nikki_EVENTSCRIPT_ITEM,,FALSE,,,,,,,,,
TRAINER_Barry,Route 126,Trainer,Trainer,TRAINER_Barry_EVENTSCRIPT_ITEM,,FALSE,,,,,,,,,
TRAINER_Sienna,Route 126,Trainer,Trainer,TRAINER_Sienna_EVENTSCRIPT_ITEM,,FALSE,,,,,,,,,
TRAINER_Pablo_1,Route 126,Trainer,Trainer,TRAINER_Pablo_1_EVENTSCRIPT_ITEM,,FALSE,,,,,,,,,
TRAINER_Brenda,Route 126,Trainer,Trainer,TRAINER_Brenda_EVENTSCRIPT_ITEM,,FALSE,ITEM_HM03,ITEM_HM08,,,,,,,
ITEM_ZINC,Route 127,Normal Item,Item Ball,FLAG_ITEM_ROUTE_127_ZINC,,FALSE,,,,,,,,,
ITEM_RARE_CANDY,Route 127,Normal Item,Item Ball,FLAG_ITEM_ROUTE_127_RARE_CANDY,,FALSE,,,,,,,,,
ITEM_CARBOS,Route 127,Normal Item,Item Ball,FLAG_ITEM_ROUTE_127_CARBOS,,FALSE,,,,,,,,,
ITEM_STAR_PIECE,Route 127,Normal Item,Hidden Item,FLAG_HIDDEN_ITEM_UNDERWATER_127_STAR_PIECE,,TRUE,ITEM_HM08,,,,,,,,
ITEM_HEART_SCALE,Route 127,Normal Item,Hidden Item,FLAG_HIDDEN_ITEM_UNDERWATER_127_HEART_SCALE,,TRUE,ITEM_HM08,,,,,,,,
ITEM_HP_UP,Route 127,Normal Item,Hidden Item,FLAG_HIDDEN_ITEM_UNDERWATER_127_HP_UP,,TRUE,ITEM_HM08,,,,,,,,
ITEM_HEART_SCALE,Route 128,Normal Item,Hidden Item,FLAG_HIDDEN_ITEM_ROUTE_128_HEART_SCALE_1,,TRUE,,,,,,,,,
ITEM_HEART_SCALE,Route 128,Normal Item,Hidden Item,FLAG_HIDDEN_ITEM_ROUTE_128_HEART_SCALE_2,,TRUE,,,,,,,,,
ITEM_HEART_SCALE,Route 128,Normal Item,Hidden Item,FLAG_HIDDEN_ITEM_ROUTE_128_HEART_SCALE_3,,TRUE,,,,,,,,,
ITEM_RED_SHARD,Route 128,Normal Item,Hidden Item,FLAG_HIDDEN_ITEM_UNDERWATER_127_RED_SHARD,,TRUE,,,,,,,,,
TRAINER_Ruben,Route 128,Trainer,Trainer,TRAINER_Ruben_EVENTSCRIPT_ITEM,,FALSE,,,,,,,,,
TRAINER_Alexa,Route 128,Trainer,Trainer,TRAINER_Alexa_EVENTSCRIPT_ITEM,,FALSE,,,,,,,,,
TRAINER_Wayne,Route 128,Trainer,Trainer,TRAINER_Wayne_EVENTSCRIPT_ITEM,,FALSE,,,,,,,,,
TRAINER_Isaiah_1,Route 128,Trainer,Trainer,TRAINER_Isaiah_1_EVENTSCRIPT_ITEM,,FALSE,,,,,,,,,
TRAINER_Katelyn_1,Route 128,Trainer,Trainer,TRAINER_Katelyn_1_EVENTSCRIPT_ITEM,,FALSE,,,,,,,,,
TRAINER_Carlee,Route 128,Trainer,Trainer,TRAINER_Carlee_EVENTSCRIPT_ITEM,,FALSE,,,,,,,,,
TRAINER_Harrison,Route 128,Trainer,Trainer,TRAINER_Harrison_EVENTSCRIPT_ITEM,,FALSE,,,,,,,,,
TRAINER_Reed,Route 129,Trainer,Trainer,TRAINER_Reed_EVENTSCRIPT_ITEM,,FALSE,,,,,,,,,
TRAINER_Chase,Route 129,Trainer,Trainer,TRAINER_Chase_EVENTSCRIPT_ITEM,,FALSE,,,,,,,,,
TRAINER_Allison,Route 129,Trainer,Trainer,TRAINER_Allison_EVENTSCRIPT_ITEM,,FALSE,,,,,,,,,
TRAINER_Clarence,Route 129,Trainer,Trainer,TRAINER_Clarence_EVENTSCRIPT_ITEM,,FALSE,,,,,,,,,
TRAINER_Tisha,Route 129,Trainer,Trainer,TRAINER_Tisha_EVENTSCRIPT_ITEM,,FALSE,,,,,,,,,
TRAINER_Rodney,Route 130,Trainer,Trainer,TRAINER_Rodney_EVENTSCRIPT_ITEM,,FALSE,,,,,,,,,
TRAINER_Katie,Route 130,Trainer,Trainer,TRAINER_Katie_EVENTSCRIPT_ITEM,,FALSE,,,,,,,,,
TRAINER_Santiago,Route 130,Trainer,Trainer,TRAINER_Santiago_EVENTSCRIPT_ITEM,,FALSE,,,,,,,,,
TRAINER_Kevin,Route 131,Trainer,Trainer,TRAINER_Kevin_EVENTSCRIPT_ITEM,,FALSE,,,,,,,,,
TRAINER_Talia,Route 131,Trainer,Trainer,TRAINER_Talia_EVENTSCRIPT_ITEM,,FALSE,,,,,,,,,
TRAINER_Richard,Route 131,Trainer,Trainer,TRAINER_Richard_EVENTSCRIPT_ITEM,,FALSE,,,,,,,,,
TRAINER_Kara,Route 131,Trainer,Trainer,TRAINER_Kara_EVENTSCRIPT_ITEM,,FALSE,,,,,,,,,
TRAINER_Herman,Route 131,Trainer,Trainer,TRAINER_Herman_EVENTSCRIPT_ITEM,,FALSE,,,,,,,,,
TRAINER_Susie,Route 131,Trainer,Trainer,TRAINER_Susie_EVENTSCRIPT_ITEM,,FALSE,,,,,,,,,
TRAINER_Reli_And_Ian,Route 131,Trainer,Trainer,TRAINER_Reli_And_Ian_EVENTSCRIPT_ITEM,,FALSE,,,,,,,,,
ITEM_RARE_CANDY,Route 132,Normal Item,Item Ball,FLAG_ITEM_ROUTE_132_RARE_CANDY,,FALSE,,,,,,,,,
ITEM_PROTEIN,Route 132,Normal Item,Item Ball,FLAG_ITEM_ROUTE_132_PROTEIN,,FALSE,,,,,,,,,
TRAINER_Gilbert,Route 132,Trainer,Trainer,TRAINER_Gilbert_EVENTSCRIPT_ITEM,,FALSE,,,,,,,,,
TRAINER_Dana,Route 132,Trainer,Trainer,TRAINER_Dana_EVENTSCRIPT_ITEM,,FALSE,,,,,,,,,
TRAINER_Ronald,Route 132,Trainer,Trainer,TRAINER_Ronald_EVENTSCRIPT_ITEM,,FALSE,,,,,,,,,
TRAINER_Kiyo,Route 132,Trainer,Trainer,TRAINER_Kiyo_EVENTSCRIPT_ITEM,,FALSE,,,,,,,,,
TRAINER_Paxton,Route 132,Trainer,Trainer,TRAINER_Paxton_EVENTSCRIPT_ITEM,,FALSE,,,,,,,,,
TRAINER_Darcy,Route 132,Trainer,Trainer,TRAINER_Darcy_EVENTSCRIPT_ITEM,,FALSE,,,,,,,,,
TRAINER_Makayla,Route 132,Trainer,Trainer,TRAINER_Makayla_EVENTSCRIPT_ITEM,,FALSE,,,,,,,,,
TRAINER_Jonathan,Route 132,Trainer,Trainer,TRAINER_Jonathan_EVENTSCRIPT_ITEM,,FALSE,,,,,,,,,
ITEM_BIG_PEARL,Route 133,Normal Item,Item Ball,FLAG_ITEM_ROUTE_133_BIG_PEARL,,FALSE,,,,,,,,,
ITEM_MAX_REVIVE,Route 133,Normal Item,Item Ball,FLAG_ITEM_ROUTE_133_MAX_REVIVE,,FALSE,,,,,,,,,
ITEM_STAR_PIECE,Route 133,Normal Item,Item Ball,FLAG_ITEM_ROUTE_133_STAR_PIECE,,FALSE,ITEM_HM03,,,,,,,,
TRAINER_Franklin,Route 133,Trainer,Trainer,TRAINER_Franklin_EVENTSCRIPT_ITEM,,FALSE,,,,,,,,,
TRAINER_Warren,Route 133,Trainer,Trainer,TRAINER_Warren_EVENTSCRIPT_ITEM,,FALSE,,,,,,,,,
TRAINER_Beck,Route 133,Trainer,Trainer,TRAINER_Beck_EVENTSCRIPT_ITEM,,FALSE,,,,,,,,,
TRAINER_Debra,Route 133,Trainer,Trainer,TRAINER_Debra_EVENTSCRIPT_ITEM,,FALSE,,,,,,,,,
TRAINER_Linda,Route 133,Trainer,Trainer,TRAINER_Linda_EVENTSCRIPT_ITEM,,FALSE,,,,,,,,,
TRAINER_Conor,Route 133,Trainer,Trainer,TRAINER_Conor_EVENTSCRIPT_ITEM,,FALSE,,,,,,,,,
TRAINER_Mollie,Route 133,Trainer,Trainer,TRAINER_Mollie_EVENTSCRIPT_ITEM,,FALSE,,,,,,,,,
ITEM_CARBOS,Route 134,Normal Item,Item Ball,FLAG_ITEM_ROUTE_134_CARBOS,,FALSE,ITEM_HM03,,,,,,,,
ITEM_STAR_PIECE,Route 134,Normal Item,Item Ball,FLAG_ITEM_ROUTE_134_STAR_PIECE,,FALSE,ITEM_HM03,,,,,,,,
TRAINER_Laurel,Route 134,Trainer,Trainer,TRAINER_Laurel_EVENTSCRIPT_ITEM,,FALSE,,,,,,,,,
TRAINER_Jack,Route 134,Trainer,Trainer,TRAINER_Jack_EVENTSCRIPT_ITEM,,FALSE,,,,,,,,,
TRAINER_Hitoshi,Route 134,Trainer,Trainer,TRAINER_Hitoshi_EVENTSCRIPT_ITEM,,FALSE,,,,,,,,,
TRAINER_Reyna,Route 134,Trainer,Trainer,TRAINER_Reyna_EVENTSCRIPT_ITEM,,FALSE,,,,,,,,,
TRAINER_Hudson,Route 134,Trainer,Trainer,TRAINER_Hudson_EVENTSCRIPT_ITEM,,FALSE,,,,,,,,,
TRAINER_Aaron,Route 134,Trainer,Trainer,TRAINER_Aaron_EVENTSCRIPT_ITEM,,FALSE,,,,,,,,,
TRAINER_Marley,Route 134,Trainer,Trainer,TRAINER_Marley_EVENTSCRIPT_ITEM,,FALSE,,,,,,,,,
TRAINER_Alex,Route 134,Trainer,Trainer,TRAINER_Alex_EVENTSCRIPT_ITEM,,FALSE,,,,,,,,,
TRAINER_Kelvin,Route 134,Trainer,Trainer,TRAINER_Kelvin_EVENTSCRIPT_ITEM,,FALSE,,,,,,,,,
ITEM_X_DEFENSE,Rustboro City,Normal Item,Item Ball,FLAG_ITEM_RUSTBORO_CITY_X_DEFEND,,FALSE,,,,,,,,,
ITEM_PREMIER_BALL,Rustboro City,Normal Item,NPC,,,FALSE,,,,,,,,,
ITEM_HM01,Rustboro City,Normal Item,NPC,,,FALSE,,,,,,,,,
ITEM_GREAT_BALL,Rustboro City,Normal Item,NPC,,,FALSE,,,,,,,,,
ITEM_EXP_SHARE,Rustboro City,Normal Item,NPC,,,FALSE,,,,,,,,,
TRAINER_Josh,Rustboro City Gym,Trainer,Trainer,TRAINER_JOSH_EVENTSCRIPT_ITEM,,FALSE,,,,,,,,,
TRAINER_Tommy,Rustboro City Gym,Trainer,Trainer,TRAINER_Tommy_EVENTSCRIPT_ITEM,,FALSE,,,,,,,,,
TRAINER_Marc,Rustboro City Gym,Trainer,Trainer,TRAINER_Marc_EVENTSCRIPT_ITEM,,FALSE,,,,,,,,,
TRAINER_Roxanne_1,Rustboro City Gym,Trainer,Trainer,TRAINER_Roxanne_1_EVENTSCRIPT_ITEM,,FALSE,,,,,,,,,
FLAG_BADGE01_GET,Rustboro City Gym,Badge,Gym Leader,,,FALSE,,,,,,,,,
ITEM_TM39,Rustboro City Gym,Normal Item,NPC,,,FALSE,,,,,,,,,
ITEM_POKE_BALL,Rusturf Tunnel,Normal Item,Item Ball,FLAG_ITEM_RUSTURF_TUNNEL_POKE_BALL,,FALSE,,,,,,,,,
ITEM_DEVON_PARTS,Rusturf Tunnel,Normal Item,NPC,,,FALSE,,,,,,,,,
ITEM_HM04,Rusturf Tunnel,Normal Item,NPC,,,FALSE,,,,,,,,,
ITEM_MAX_ETHER,Rusturf Tunnel,Normal Item,Item Ball,FLAG_ITEM_RUSTURF_TUNNEL_MAX_ETHER,,FALSE,,,,,,,,,
TRAINER_Grunt_Rusturf_Tunnel,Rusturf Tunnel,Trainer,Trainer,TRAINER_Grunt_Rusturf_Tunnel_EVENTSCRIPT_ITEM,,FALSE,,,,,,,,,
TRAINER_Mike_1,Rusturf Tunnel,Trainer,Trainer,TRAINER_Mike_1_EVENTSCRIPT_ITEM,,FALSE,,,,,,,,,
ITEM_TM_SUNNY_DAY,Scorched Slab,Item Ball,Item Ball,FLAG_ITEM_SCORCHED_SLAB_TM_SUNNY_DAY,,FALSE,,,,,,,,,
ITEM_TM_EARTHQUAKE,Seafloor Cavern,Item Ball,Item Ball,FLAG_ITEM_SEAFLOOR_CAVERN_ROOM_9_TM_EARTHQUAKE,,FALSE,ITEM_HM04,,,,,,,,
TRAINER_Grunt_Seafloor_Cavern_1,Seafloor Cavern,Trainer,Trainer,TRAINER_Grunt_Seafloor_Cavern_1_EVENTSCRIPT_ITEM,,FALSE,,,,,,,,,
TRAINER_Grunt_Seafloor_Cavern_2,Seafloor Cavern,Trainer,Trainer,TRAINER_Grunt_Seafloor_Cavern_2_EVENTSCRIPT_ITEM,,FALSE,,,,,,,,,
TRAINER_Grunt_Seafloor_Cavern_3,Seafloor Cavern,Trainer,Trainer,TRAINER_Grunt_Seafloor_Cavern_3_EVENTSCRIPT_ITEM,,FALSE,,,,,,,,,
TRAINER_Grunt_Seafloor_Cavern_4,Seafloor Cavern,Trainer,Trainer,TRAINER_Grunt_Seafloor_Cavern_4_EVENTSCRIPT_ITEM,,FALSE,,,,,,,,,
TRAINER_Grunt_Seafloor_Cavern_5,Seafloor Cavern,Trainer,Trainer,TRAINER_Grunt_Seafloor_Cavern_5_EVENTSCRIPT_ITEM,,FALSE,,,,,,,,,
TRAINER_Shelly_Seafloor_Cavern,Seafloor Cavern,Trainer,Trainer,TRAINER_Shelly_Seafloor_Cavern_EVENTSCRIPT_ITEM,,FALSE,,,,,,,,,
TRAINER_Archie,Seafloor Cavern,Trainer,Trainer,TRAINER_Archie_EVENTSCRIPT_ITEM,,FALSE,,,,,,,,,
ITEM_SOOTHE_BELL,Slateport,Normal Item,NPC,,,FALSE,,,,,,,,,
ITEM_RED_SCARF,Slateport,Normal Item,NPC,,,FALSE,,,,,,,,,
ITEM_BLUE_SCARF,Slateport,Normal Item,NPC,,,FALSE,,,,,,,,,
ITEM_PINK_SCARF,Slateport,Normal Item,NPC,,,FALSE,,,,,,,,,
ITEM_GREEN_SCARF,Slateport,Normal Item,NPC,,,FALSE,,,,,,,,,
ITEM_YELLOW_SCARF,Slateport,Normal Item,NPC,,,FALSE,,,,,,,,,
ITEM_POWDER_JAR,Slateport,Normal Item,NPC,,,FALSE,,,,,,,,,
ITEM_DEEP_SEA_TOOTH,Slateport,Normal Item,NPC,,,FALSE,,,,,,,,,
ITEM_TM31,Sootopolis,Normal Item,NPC,,,FALSE,ITEM_HM03,,,,,,,,
ITEM_HM07,Sootopolis,Normal Item,NPC,,,FALSE,,,,,,,,,
ITEM_ELIXIR,Sootopolis,Normal Item,NPC,,,FALSE,,,,,,,,,
TRAINER_Juan_1,Sootopolis Gym,Trainer,Trainer,TRAINER_JUAN_1_EVENTSCRIPT_ITEM,,FALSE,,,,,,,,,
FLAG_BADGE08_GET,Sootopolis Gym,Badge,Gym Leader,,,FALSE,,,,,,,,,
TRAINER_Connie,Sootopolis Gym,Trainer,Trainer,TRAINER_Connie_EVENTSCRIPT_ITEM,,FALSE,,,,,,,,,
TRAINER_Andrea,Sootopolis Gym,Trainer,Trainer,TRAINER_Andrea_EVENTSCRIPT_ITEM,,FALSE,,,,,,,,,
TRAINER_Daphne,Sootopolis Gym,Trainer,Trainer,TRAINER_Daphne_EVENTSCRIPT_ITEM,,FALSE,,,,,,,,,
TRAINER_Annika,Sootopolis Gym,Trainer,Trainer,TRAINER_Annika_EVENTSCRIPT_ITEM,,FALSE,,,,,,,,,
TRAINER_Tiffany,Sootopolis Gym,Trainer,Trainer,TRAINER_Tiffany_EVENTSCRIPT_ITEM,,FALSE,,,,,,,,,
TRAINER_Crissy,Sootopolis Gym,Trainer,Trainer,TRAINER_Crissy_EVENTSCRIPT_ITEM,,FALSE,,,,,,,,,
TRAINER_Bethany,Sootopolis Gym,Trainer,Trainer,TRAINER_Bethany_EVENTSCRIPT_ITEM,,FALSE,,,,,,,,,
TRAINER_Olivia,Sootopolis Gym,Trainer,Trainer,TRAINER_Olivia_EVENTSCRIPT_ITEM,,FALSE,,,,,,,,,
TRAINER_Brianna,Sootopolis Gym,Trainer,Trainer,TRAINER_Brianna_EVENTSCRIPT_ITEM,,FALSE,,,,,,,,,
TRAINER_Bridget,Sootopolis Gym,Trainer,Trainer,TRAINER_Bridget_EVENTSCRIPT_ITEM,,FALSE,,,,,,,,,
ITEM_TM_SNATCH,SS Tidal,Normal Item,NPC,,,FALSE,,,,,,,,,
ITEM_LEFTOVERS,SS Tidal,Normal Item,Hidden Item,FLAG_HIDDEN_ITEM_SS_TIDAL_LOWER_DECK_LEFTOVERS,,TRUE,,,,,,,,,
TRAINER_Lea_And_Jed,SS Tidal,Trainer,Trainer,TRAINER_Lea_And_Jed_EVENTSCRIPT_ITEM,,FALSE,,,,,,,,,
TRAINER_Garret,SS Tidal,Trainer,Trainer,TRAINER_Garret_EVENTSCRIPT_ITEM,,FALSE,,,,,,,,,
TRAINER_Micah,SS Tidal,Trainer,Trainer,TRAINER_Micah_EVENTSCRIPT_ITEM,,FALSE,,,,,,,,,
TRAINER_Colton,SS Tidal,Trainer,Trainer,TRAINER_Colton_EVENTSCRIPT_ITEM,,FALSE,,,,,,,,,
TRAINER_Naomi,SS Tidal,Trainer,Trainer,TRAINER_Naomi_EVENTSCRIPT_ITEM,,FALSE,,,,,,,,,
TRAINER_Thomas,SS Tidal,Trainer,Trainer,TRAINER_Thomas_EVENTSCRIPT_ITEM,,FALSE,,,,,,,,,
TRAINER_Phillip,SS Tidal,Trainer,Trainer,TRAINER_Phillip_EVENTSCRIPT_ITEM,,FALSE,,,,,,,,,
TRAINER_Leonard,SS Tidal,Trainer,Trainer,TRAINER_Leonard_EVENTSCRIPT_ITEM,,FALSE,,,,,,,,,
Groudon,Terra Cave,Trainer,Legendary Pokemon,Groudon_Item,,,,,,,,,,,
ITEM_TM45,Verdanturf,Normal Item,NPC,,,FALSE,,,,,,,,,
ITEM_MAX_ELIXIR,Victory Road,Normal Item,Item Ball,FLAG_ITEM_VICTORY_ROAD_1F_MAX_ELIXIR,,FALSE,,,,,,,,,
ITEM_PP_UP,Victory Road,Normal Item,Item Ball,FLAG_ITEM_VICTORY_ROAD_1F_PP_UP,,FALSE,,,,,,,,,
ITEM_ULTRA_BALL,Victory Road,Normal Item,Hidden Item,FLAG_HIDDEN_ITEM_VICTORY_ROAD_1F_ULTRA_BALL,,TRUE,,,,,,,,,
ITEM_FULL_RESTORE,Victory Road,Normal Item,Item Ball,FLAG_ITEM_VICTORY_ROAD_B1F_FULL_RESTORE,,FALSE,ITEM_HM04,ITEM_HM06,,,,,,,
ITEM_MAX_REPEL,Victory Road,Normal Item,Hidden Item,FLAG_HIDDEN_ITEM_VICTORY_ROAD_B2F_MAX_REPEL,,TRUE,,,,,,,,,
ITEM_TM_PSYCHIC,Victory Road,Normal Item,Item Ball,FLAG_ITEM_VICTORY_ROAD_B1F_TM_PSYCHIC,,FALSE,,,,,,,,,
ITEM_FULL_HEAL,Victory Road,Normal Item,Item Ball,FLAG_ITEM_VICTORY_ROAD_B2F_FULL_HEAL,,FALSE,,,,,,,,,
ITEM_ELIXIR,Victory Road,Normal Item,Hidden Item,FLAG_HIDDEN_ITEM_VICTORY_ROAD_B2F_ELIXIR,,TRUE,ITEM_HM03,,,,,,,,
TRAINER_Albert,Victory Road,Trainer,Trainer,TRAINER_Albert_EVENTSCRIPT_ITEM,,FALSE,,,,,,,,,
TRAINER_Hope,Victory Road,Trainer,Trainer,TRAINER_Hope_EVENTSCRIPT_ITEM,,FALSE,,,,,,,,,
TRAINER_Shannon,Victory Road,Trainer,Trainer,TRAINER_Shannon_EVENTSCRIPT_ITEM,,FALSE,,,,,,,,,
TRAINER_Samuel,Victory Road,Trainer,Trainer,TRAINER_Samuel_EVENTSCRIPT_ITEM,,FALSE,,,,,,,,,
TRAINER_Julie,Victory Road,Trainer,Trainer,TRAINER_Julie_EVENTSCRIPT_ITEM,,FALSE,,,,,,,,,
TRAINER_Owen,Victory Road,Trainer,Trainer,TRAINER_Owen_EVENTSCRIPT_ITEM,,FALSE,,,,,,,,,
TRAINER_Dianne,Victory Road,Trainer,Trainer,TRAINER_Dianne_EVENTSCRIPT_ITEM,,FALSE,,,,,,,,,
TRAINER_Felix,Victory Road,Trainer,Trainer,TRAINER_Felix_EVENTSCRIPT_ITEM,,FALSE,,,,,,,,,
TRAINER_Caroline,Victory Road,Trainer,Trainer,TRAINER_Caroline_EVENTSCRIPT_ITEM,,FALSE,,,,,,,,,
TRAINER_Vito,Victory Road,Trainer,Trainer,TRAINER_Vito_EVENTSCRIPT_ITEM,,FALSE,,,,,,,,,
TRAINER_Michelle,Victory Road,Trainer,Trainer,TRAINER_Michelle_EVENTSCRIPT_ITEM,,FALSE,,,,,,,,,
TRAINER_Mitchell,Victory Road,Trainer,Trainer,TRAINER_Mitchell_EVENTSCRIPT_ITEM,,FALSE,,,,,,,,,
TRAINER_Halle,Victory Road,Trainer,Trainer,TRAINER_Halle_EVENTSCRIPT_ITEM,,FALSE,,,,,,,,,
TRAINER_Edgar,Victory Road,Trainer,Trainer,TRAINER_Edgar_EVENTSCRIPT_ITEM,,FALSE,,,,,,,,,
TRAINER_Katelynn,Victory Road,Trainer,Trainer,TRAINER_Katelynn_EVENTSCRIPT_ITEM,,FALSE,,,,,,,,,
TRAINER_Quincy,Victory Road,Trainer,Trainer,TRAINER_Quincy_EVENTSCRIPT_ITEM,,FALSE,,,,,,,,,
TRAINER_Wally_VR_1,Victory Road,Trainer,Trainer,TRAINER_Wally_VR_1_EVENTSCRIPT_ITEM,,FALSE,,,,,,,,,
ITEM_BIG_PEARL,Shoal Cave,Normal Item,Item Ball,FLAG_ITEM_SHOAL_CAVE_ENTRANCE_BIG_PEARL,,FALSE,,,,,,,,,
ITEM_RARE_CANDY,Shoal Cave,Normal Item,Item Ball,FLAG_ITEM_SHOAL_CAVE_INNER_ROOM_RARE_CANDY,,FALSE,,,,,,,,,
ITEM_ICE_HEAL,Shoal Cave,Normal Item,Item Ball,FLAG_ITEM_SHOAL_CAVE_STAIRS_ROOM_ICE_HEAL,,FALSE,,,,,,,,,
ITEM_TM_HAIL,Shoal Cave,Normal Item,Item Ball,FLAG_ITEM_SHOAL_CAVE_ICE_ROOM_TM_HAIL,,FALSE,,,,,,,,,
ITEM_NEVER_MELT_ICE,Shoal Cave,Normal Item,Item Ball,FLAG_ITEM_SHOAL_CAVE_ICE_ROOM_NEVER_MELT_ICE,,FALSE,,,,,,,,,
ITEM_HP_UP,Artisan Cave,Normal Item,Item Ball,FLAG_ITEM_ARTISAN_CAVE_B1F_HP_UP,,FALSE,,,,,,,,,
ITEM_CARBOS,Artisan Cave,Normal Item,Item Ball,FLAG_ITEM_ARTISAN_CAVE_1F_CARBOS,,FALSE,,,,,,,,,
ITEM_ZINC,Artisan Cave,Normal Item,Hidden Item,,,TRUE,,,,,,,,,
ITEM_CALCIUM,Artisan Cave,Normal Item,Hidden Item,,,TRUE,,,,,,,,,
ITEM_PROTEIN,Artisan Cave,Normal Item,Hidden Item,,,TRUE,,,,,,,,,
ITEM_IRON,Artisan Cave,Normal Item,Hidden Item,,,TRUE,,,,,,,,,