Trainer Name / Item Name,Location,Type,Location_Type,ScriptName,Hidden,Requirements,Requirements 2,Requirements 3,Requirements Alternative,Requirements Alternative 2,
ITEM_HARBOR_MAIL,Abandoned Ship,Normal Item,Item Ball,AbandonedShip_Rooms_1F_EventScript_ItemHarborMail,FALSE,,,,,,
ITEM_DIVE_BALL,Abandoned Ship,Normal Item,Item Ball,AbandonedShip_Rooms2_B1F_EventScript_ItemDiveBall,FALSE,,,,,,
ITEM_ESCAPE_ROPE,Abandoned Ship,Normal Item,Item Ball,AbandonedShip_Rooms_B1F_EventScript_ItemEscapeRope,FALSE,,,,,,
ITEM_REVIVE,Abandoned Ship,Normal Item,Item Ball,AbandonedShip_Rooms2_1F_EventScript_ItemRevive,FALSE,,,,,,
ITEM_STORAGE_KEY,Abandoned Ship,Normal Item,Item Ball,AbandonedShip_CaptainsOffice_EventScript_ItemStorageKey,FALSE,,,,,,
ITEM_TM13,Abandoned Ship,Normal Item,Item Ball,AbandonedShip_Room_B1F_EventScript_ItemTM13,FALSE,,,,,,
ITEM_WATER_STONE,Abandoned Ship,Normal Item,Item Ball,AbandonedShip_HiddenFloorRooms_EventScript_ItemWaterStone,FALSE,ITEM_HM08,,,,,"        lock
        faceplayer
        setwildbattle SPECIES_ELECTRODE, 30
        waitse
        playmoncry SPECIES_ELECTRODE, CRY_MODE_ENCOUNTER
        delay 40
        waitmoncry
        setflag FLAG_SYS_CTRL_OBJ_DELETE
        dowildbattle"
ITEM_KEY_TO_ROOM_1,Abandoned Ship,Normal Item,Hidden Item,map.json,TRUE,ITEM_HM08,,,,,
ITEM_TM18,Abandoned Ship,Normal Item,Item Ball,AbandonedShip_HiddenFloorRooms_EventScript_ItemTM18,FALSE,ITEM_KEY_TO_ROOM_1,ITEM_HM08,,,,
ITEM_KEY_TO_ROOM_4,Abandoned Ship,Normal Item,Hidden Item,map.json,TRUE,ITEM_KEY_TO_ROOM_1,ITEM_HM08,,,,
ITEM_KEY_TO_ROOM_6,Abandoned Ship,Normal Item,Hidden Item,map.json,TRUE,ITEM_HM08,ITEM_KEY_TO_ROOM_4,,,,
ITEM_LUXURY_BALL,Abandoned Ship,Normal Item,Item Ball,AbandonedShip_HiddenFloorRooms_EventScript_ItemLuxuryBall,FALSE,ITEM_KEY_TO_ROOM_6,ITEM_HM08,,,,
ITEM_KEY_TO_ROOM_2,Abandoned Ship,Normal Item,Hidden Item,map.json,TRUE,ITEM_HM08,ITEM_KEY_TO_ROOM_4,,,,
ITEM_SCANNER,Abandoned Ship,Normal Item,Item Ball,AbandonedShip_HiddenFloorRooms_EventScript_ItemScanner,FALSE,ITEM_KEY_TO_ROOM_2,ITEM_HM08,,,,
sParty_Thalia1,Abandoned Ship,Trainer,Trainer,AbandonedShip_Rooms_1F_Eventscript_Thalia_Item,FALSE,,,,,,
sParty_Demetrius,Abandoned Ship,Trainer,Trainer,AbandonedShip_Rooms_1F_EventScript_Demetrius_Item,FALSE,,,,,,
sParty_Duncan,Abandoned Ship,Trainer,Trainer,AbandonedShip_Corridors_B1F_EventScript_Duncan_Item,FALSE,,,,,,
sParty_Charlie,Abandoned Ship,Trainer,Trainer,AbandonedShip_Corridors_1F_EventScript_Charlie_Item,FALSE,,,,,,
sParty_Garrison,Abandoned Ship,Trainer,Trainer,AbandonedShip_Rooms2_1F_EventScript_Garrison_Item,FALSE,,,,,,
sParty_Jani,Abandoned Ship,Trainer,Trainer,AbandonedShip_Rooms2_1F_EventScript_Jani_Item,FALSE,,,,,,
sParty_KiraAndDan1,Abandoned Ship,Trainer,Trainer,AbandonedShip_Rooms2_1F_EventScript_Kira_Item,FALSE,,,,,,
Registeel,Ancient Tomb,Trainer,Legendary Pokemon,AncientTomb_EventScript_Registeel_Item,FALSE,,,,,,
ITEM_MASTER_BALL,Aqua Hideout,Normal Item,Item Ball,AquaHideout_B1F_EventScript_ItemMasterBall,FALSE,,,,,,
ITEM_NUGGET,Aqua Hideout,Normal Item,Item Ball,AquaHideout_B1F_EventScript_ItemNugget,FALSE,,,,,,
ITEM_MAX_ELIXIR,Aqua Hideout,Normal Item,Item Ball,AquaHideout_B1F_EventScript_ItemMaxElixir,FALSE,,,,,,
ITEM_NEST_BALL,Aqua Hideout,Normal Item,Item Ball,AquaHideout_B2F_EventScript_ItemNestBall,FALSE,,,,,,
Electrode,Aqua Hideout,Trap,Item Ball,AquaHideout_B1F_EventScript_Electrode1_Item,FALSE,,,,,,
Electrode,Aqua Hideout,Trap,Item Ball,AquaHideout_B1F_EventScript_Electrode2_Item,FALSE,,,,,,
sParty_GruntAquaHideout1,Aqua Hideout,Trainer,Trainer,AquaHideout_1F_EventScript_Grunt1_Item,FALSE,,,,,,
sParty_GruntAquaHideout2,Aqua Hideout,Trainer,Trainer,AquaHideout_B1F_EventScript_Grunt2_Item,FALSE,,,,,,
sParty_GruntAquaHideout3,Aqua Hideout,Trainer,Trainer,AquaHideout_B1F_EventScript_Grunt3_Item,FALSE,,,,,,
sParty_GruntAquaHideout4,Aqua Hideout,Trainer,Trainer,AquaHideout_B2F_EventScript_Grunt4_Item,FALSE,,,,,,
sParty_GruntAquaHideout5,Aqua Hideout,Trainer,Trainer,AquaHideout_B1F_EventScript_Grunt5_Item,FALSE,,,,,,
sParty_GruntAquaHideout6,Aqua Hideout,Trainer,Trainer,AquaHideout_B2F_EventScript_Grunt6_Item,FALSE,,,,,,
sParty_GruntAquaHideout7,Aqua Hideout,Trainer,Trainer,AquaHideout_B1F_EventScript_Grunt7_Item,FALSE,,,,,,
sParty_GruntAquaHideout8,Aqua Hideout,Trainer,Trainer,AquaHideout_B2F_EventScript_Grunt8_Item,FALSE,,,,,,
sParty_Matt,Aqua Hideout,Trainer,Trainer,AquaHideout_B2F_EventScript_Matt_Item,FALSE,,,,,,
Deoxys,Birth Island,Trainer,Legendary Pokemon,BirthIsland_Exterior_EventScript_Deoxys_Item,FALSE,,,,,,
SPECIES_REGIROCK,Desert Ruins,Trainer,Legendary Pokemon,DesertRuins_EventScript_Regirock_Item,FALSE,,,,,,
ITEM_ROOT_FOSSIL,Desert Underpass,Normal Item,NPC,DesertUnderpass_EventScript_GiveRootFossil_Item,FALSE,,,,,,
ITEM_CLAW_FOSSIL,Desert Underpass,Normal Item,NPC,DesertUnderpass_EventScript_GiveClawFossil_Item,FALSE,,,,,,
sParty_Laura,Dewford Gym,Trainer,Trainer,DewfordTown_Gym_EventScript_Laura_Item,FALSE,,,,,,
sParty_Lilith,Dewford Gym,Trainer,Trainer,DewfordTown_Gym_EventScript_Lilith_Item,FALSE,,,,,,
sParty_Brenden,Dewford Gym,Trainer,Trainer,DewfordTown_Gym_EventScript_Brenden_Item,FALSE,,,,,,
sParty_Cristian,Dewford Gym,Trainer,Trainer,DewfordTown_Gym_EventScript_Cristian_Item,FALSE,,,,,,
sParty_Jocelyn,Dewford Gym,Trainer,Trainer,DewfordTown_Gym_EventScript_Jocelyn_Item,FALSE,,,,,,
sParty_Brawly1,Dewford Gym,Trainer,Gym Leader,DewfordTown_Gym_EventScript_Brawly_Item,FALSE,,,,,,
ITEM_OLD_ROD,Dewford,Normal Item,NPC,DewfordTown_EventScript_GiveOldRod_Item,FALSE,,,,,,
ITEM_SILK_SCARF,Dewford,Normal Item,NPC,DewfordTown_House2_EventScript_Man_Item,FALSE,,,,,,
ITEM_TM36,Dewford,Normal Item,NPC,DewfordTown_Hall_EventScript_SludgeBombMan_Item,FALSE,,,,,,
sParty_Drake,Ever Grand City,Trainer,Trainer,Drake_Item,FALSE,,,,,,
sParty_Phoebe,Ever Grand City,Trainer,Trainer,Phoebe_Item,FALSE,,,,,,
sParty_Glacia,Ever Grand City,Trainer,Trainer,Glacia_Item,FALSE,,,,,,
sParty_Sydney,Ever Grand City,Trainer,Trainer,Sydney_Item,FALSE,,,,,,
ITEM_NUGGET,Fallarbor Town,Normal Item,Hidden Item,map.json,TRUE,,,,,,
ITEM_TM27,Fallarbor Town,TM,NPC,FallarborTown_CozmosHouse_EventScript_PlayerHasMeteorite_Item,FALSE,ITEM_METEORITE,,,,,
SPECIES_MEW,Faraway Island,Trainer,Legendary Pokemon,Mew_Item,FALSE,ITEM_OLD_SEA_MAP,,,,,
ITEM_FIRE_STONE,Fiery Path,Normal Item,Item Ball,FieryPath_EventScript_ItemFireStone,FALSE,,,,,,
ITEM_TM06,Fiery Path,Normal Item,Item Ball,FieryPath_EventScript_ItemTM06,FALSE,,,,,,
ITEM_TM10,Fortree,Normal Item,NPC,FortreeCity_House2_EventScript_HiddenPowerGiver_Item,FALSE,,,,,,
ITEM_MENTAL_HERB,Fortree,Normal Item,NPC,FortreeCity_House4_EventScript_WingullReturned_Item,FALSE,,,,,,
sParty_Jared,Fortree Gym,Trainer,Trainer,FortreeCity_Gym_EventScript_Jared_Item,FALSE,,,,,,
sParty_Humberto,Fortree Gym,Trainer,Trainer,FortreeCity_Gym_EventScript_Humberto_Item,FALSE,,,,,,
sParty_Ashley,Fortree Gym,Trainer,Trainer,FortreeCity_Gym_EventScript_Ashley_Item,FALSE,,,,,,
sParty_Flint,Fortree Gym,Trainer,Trainer,FortreeCity_Gym_EventScript_Flint_Item,FALSE,,,,,,
sParty_Edwardo,Fortree Gym,Trainer,Trainer,FortreeCity_Gym_EventScript_Edwardo_Item,FALSE,,,,,,
sParty_Darius,Fortree Gym,Trainer,Trainer,FortreeCity_Gym_EventScript_Darius_Item,FALSE,,,,,,
sParty_Winona1,Fortree Gym,Trainer,Gym Leader,FortreeCity_Gym_EventScript_Winona_Item,FALSE,,,,,,
ITEM_REPEL,Granite Cave,Normal Item,Item Ball,GraniteCave_B2F_EventScript_ItemRepel,FALSE,,,,,,
ITEM_HM05,Granite Cave,Normal Item,NPC,GraniteCave_1F_EventScript_Hiker_Item,FALSE,,,,,,
ITEM_ESCAPE_ROPE,Granite Cave,Normal Item,Item Ball,GraniteCave_1F_EventScript_ItemEscapeRope,FALSE,,,,,,
ITEM_POKE_BALL,Granite Cave,Normal Item,Item Ball,GraniteCave_B1F_EventScript_ItemPokeBall,FALSE,,,,,,
ITEM_EVERSTONE,Granite Cave,Normal Item,Hidden Item,map.json,TRUE,,,,,,
ITEM_EVERSTONE,Granite Cave,Normal Item,Hidden Item,map.json,TRUE,ITEM_MACH_BIKE,,,,,
ITEM_TM47,Granite Cave,Normal Item,NPC,GraniteCave_StevensRoom_EventScript_Steven_Item,FALSE,ITEM_LETTER,,,,,
ITEM_RARE_CANDY,Granite Cave,Normal Item,Item Ball,GraniteCave_B2F_EventScript_ItemRareCandy,FALSE,,,,,,
SPECIES_REGICE,Island Cave,Trainer,Legendary Pokemon,IslandCave_EventScript_Regice_Item,FALSE,,,,,,
ITEM_FULL_HEAL,Jagged Pass,Normal Item,Hidden Item,map.json,TRUE,,,,,,
ITEM_BURN_HEAL,Jagged Pass,Normal Item,Item Ball,JaggedPass_EventScript_ItemBurnHeal,FALSE,,,,,,
ITEM_GREAT_BALL,Jagged Pass,Normal Item,Hidden Item,map.json,TRUE,,,,,,
sParty_Eric,Jagged Pass,Trainer,Trainer,JaggedPass_EventScript_Eric_Item,FALSE,,,,,,
sParty_GruntJaggedPass,Jagged Pass,Trainer,Trainer,JaggedPass_EventScript_MagmaHideoutGuard_Item,FALSE,,,,,,
sParty_Diana1,Jagged Pass,Trainer,Trainer,JaggedPass_EventScript_Diana_Item,FALSE,,,,,,
sParty_Autumn,Jagged Pass,Trainer,Trainer,JaggedPass_EventScript_Autumn_Item,FALSE,,,,,,
sParty_Julio,Jagged Pass,Trainer,Trainer,JaggedPass_EventScript_Julio_Item,FALSE,,,,,,
sParty_Ethan1,Jagged Pass,Trainer,Trainer,JaggedPass_EventScript_Ethan_Item,FALSE,,,,,,
ITEM_ICE_HEAL,Lavaridge,Normal Item,Hidden Item,map.json,TRUE,,,,,,
ITEM_CHARCOAL,Lavaridge,Normal Item,NPC,LavaridgeTown_HerbShop_EventScript_OldMan_Item,FALSE,,,,,,
ITEM_GO_GOGGLES,Lavaridge,Normal Item,NPC,LavaridgeTown_EventScript_MayGiveGoGoggles_ITEM,FALSE,,,,,,
SPECIES_WYNAUT,Lavaridge,Egg,NPC,LavaridgeTown_EventScript_EggWoman_Item,FALSE,,,,,,
sParty_Jeff,Lavaridge Gym,Trainer,Trainer,LavaridgeTown_Gym_B1F_EventScript_Jeff_Item,FALSE,,,,,,
sParty_Jace,Lavaridge Gym,Trainer,Trainer,LavaridgeTown_Gym_B1F_EventScript_Jace_Item,FALSE,,,,,,
sParty_Eli,Lavaridge Gym,Trainer,Trainer,LavaridgeTown_Gym_B1F_EventScript_Eli_Item,FALSE,,,,,,
sParty_Cole,Lavaridge Gym,Trainer,Trainer,LavaridgeTown_Gym_1F_EventScript_Cole_Item,FALSE,,,,,,
sParty_Gerald,Lavaridge Gym,Trainer,Trainer,LavaridgeTown_Gym_1F_EventScript_Gerald_Item,FALSE,,,,,,
sParty_Axle,Lavaridge Gym,Trainer,Trainer,LavaridgeTown_Gym_1F_EventScript_Axle_Item,FALSE,,,,,,
sParty_Keegan,Lavaridge Gym,Trainer,Trainer,LavaridgeTown_Gym_B1F_EventScript_Keegan_Item,FALSE,,,,,,
sParty_Danielle,Lavaridge Gym,Trainer,Trainer,LavaridgeTown_Gym_1F_EventScript_Danielle_Item,FALSE,,,,,,
sParty_Flannery1,Lavaridge Gym,Trainer,Gym Leader,LavaridgeTown_Gym_1F_EventScript_Flannery_Item,FALSE,,,,,,
ITEM_TM44,Lillycove,Normal Item,NPC,LilycoveCity_House2_EventScript_FatMan_Item,FALSE,,,,,,
ITEM_PP_UP,Lillycove,Normal Item,Hidden Item,map.json,TRUE,,,,,,
ITEM_POKE_BALL,Lillycove,Normal Item,Hidden Item,map.json,TRUE,,,,,,
ITEM_HEART_SCALE,Lillycove,Normal Item,Hidden Item,map.json,TRUE,,,,,,
ITEM_MAX_REPEL,Lillycove,Normal Item,Item Ball,LilycoveCity_EventScript_ItemMaxRepel,FALSE,,,,,,
sParty_BrendanLilycoveMudkip,Lillycove,Trainer,Trainer,LilycoveCity_EventScript_Rival_Item,FALSE,,,,,,
ITEM_POKE_BALL 5,Littleroot,Normal Item,NPC,LittlerootTown_ProfessorBirchsLab_EventScript_MayGivePokeBalls_Items,FALSE,,,,,,
ITEM_RARE_CANDY,Magma Hideout,Normal Item,Item Ball,MagmaHideout_1F_EventScript_ItemRareCandy,FALSE,,,,,,
ITEM_NUGGET,Magma Hideout,Normal Item,Item Ball,MagmaHideout_3F_1R_EventScript_ItemNugget,FALSE,,,,,,
ITEM_MAX_REVIVE,Magma Hideout,Normal Item,Item Ball,MagmaHideout_4F_EventScript_ItemMaxRevive,FALSE,,,,,,
ITEM_ESCAPE_ROPE,Magma Hideout,Normal Item,Item Ball,MagmaHideout_3F_3R_EventScript_ItemEscapeRope,FALSE,,,,,,
ITEM_PP_MAX,Magma Hideout,Normal Item,Item Ball,MagmaHideout_3F_2R_EventScript_ItemPPMax,FALSE,,,,,,
ITEM_FULL_RESTORE,Magma Hideout,Normal Item,Item Ball,MagmaHideout_2F_2R_EventScript_ItemFullRestore,FALSE,,,,,,
ITEM_MAX_ELIXIR,Magma Hideout,Normal Item,Item Ball,MagmaHideout_2F_2R_EventScript_ItemMaxElixir,FALSE,,,,,,
sParty_GruntMagmaHideout1,Magma Hideout,Trainer,Trainer,MagmaHideout_1F_EventScript_Grunt1_Item,FALSE,,,,,,
sParty_GruntMagmaHideout2,Magma Hideout,Trainer,Trainer,MagmaHideout_1F_EventScript_Grunt2_Item,FALSE,,,,,,
sParty_GruntMagmaHideout3,Magma Hideout,Trainer,Trainer,MagmaHideout_2F_1R_EventScript_Grunt3_Item,FALSE,,,,,,
sParty_GruntMagmaHideout4,Magma Hideout,Trainer,Trainer,MagmaHideout_2F_1R_EventScript_Grunt4_Item,FALSE,,,,,,
sParty_GruntMagmaHideout5,Magma Hideout,Trainer,Trainer,MagmaHideout_2F_1R_EventScript_Grunt5_Item,FALSE,,,,,,
sParty_GruntMagmaHideout6,Magma Hideout,Trainer,Trainer,MagmaHideout_2F_2R_EventScript_Grunt6_Item,FALSE,,,,,,
sParty_GruntMagmaHideout7,Magma Hideout,Trainer,Trainer,MagmaHideout_2F_2R_EventScript_Grunt7_Item,FALSE,,,,,,
sParty_GruntMagmaHideout8,Magma Hideout,Trainer,Trainer,MagmaHideout_2F_2R_EventScript_Grunt8_Item,FALSE,,,,,,
sParty_GruntMagmaHideout9,Magma Hideout,Trainer,Trainer,MagmaHideout_3F_1R_EventScript_Grunt9_Item,FALSE,,,,,,
sParty_GruntMagmaHideout10,Magma Hideout,Trainer,Trainer,MagmaHideout_3F_2R_EventScript_Grunt10_Item,FALSE,,,,,,
sParty_GruntMagmaHideout11,Magma Hideout,Trainer,Trainer,MagmaHideout_4F_EventScript_Grunt11_Item,FALSE,,,,,,
sParty_GruntMagmaHideout12,Magma Hideout,Trainer,Trainer,MagmaHideout_4F_EventScript_Grunt12_Item,FALSE,,,,,,
sParty_GruntMagmaHideout13,Magma Hideout,Trainer,Trainer,MagmaHideout_4F_EventScript_Grunt13_Item,FALSE,,,,,,
sParty_GruntMagmaHideout14,Magma Hideout,Trainer,Trainer,MagmaHideout_2F_1R_EventScript_Grunt14_Item,FALSE,,,,,,
sParty_GruntMagmaHideout15,Magma Hideout,Trainer,Trainer,MagmaHideout_2F_2R_EventScript_Grunt15_Item,FALSE,,,,,,
sParty_GruntMagmaHideout16,Magma Hideout,Trainer,Trainer,MagmaHideout_3F_1R_EventScript_Grunt16_Item,FALSE,,,,,,
sParty_TabithaMagmaHideout,Magma Hideout,Trainer,Trainer,MagmaHideout_4F_EventScript_Tabitha_Item,FALSE,,,,,,
sParty_MaxieMagmaHideout,Magma Hideout,Trainer,Trainer,MagmaHideout_4F_EventScript_Maxie_Item,FALSE,,,,,,
SPECIES_KYOGRE,Marine Cave,Trainer,Legendary Pokemon,MarineCave_End_EventScript_Kyogre_Item,FALSE,,,,,,
ITEM_COIN_CASE,Mauville City,Normal Item,NPC,MauvilleCity_House2_EventScript_AcceptTrade_Item,FALSE,ITEM_HARBOR_MAIL,,,,,
ITEM_X_SPEED,Mauville City,Normal Item,Item Ball,MauvilleCity_EventScript_ItemXSpeed,FALSE,,,,,,
ITEM_HM06,Mauville City,Normal Item,NPC,MauvilleCity_House1_EventScript_RockSmashDude_Item,FALSE,,,,,,
ITEM_BASEMENT_KEY,Mauville City,Normal Item,NPC,MauvilleCity_EventScript_Wattson_Item,FALSE,,,,,,
ITEM_TM24,Mauville City,Normal Item,NPC,MauvilleCity_EventScript_CompletedNewMauville_Item,FALSE,,,,,,
sParty_WallyMauville,Mauville City,Trainer,Trainer,MauvilleCity_EventScript_DefeatedWally_Item,FALSE,,,,,,
sParty_Vivian,Mauville Gym,Trainer,Trainer,MauvilleCity_Gym_EventScript_Vivian_Item,FALSE,,,,,,
sParty_Kirk,Mauville Gym,Trainer,Trainer,MauvilleCity_Gym_EventScript_Kirk_Item,FALSE,,,,,,
sParty_Ben,Mauville Gym,Trainer,Trainer,MauvilleCity_Gym_EventScript_Ben_Item,FALSE,,,,,,
sParty_Angelo,Mauville Gym,Trainer,Trainer,MauvilleCity_Gym_EventScript_Angelo_Item,FALSE,,,,,,
sParty_Shawn,Mauville Gym,Trainer,Trainer,MauvilleCity_Gym_EventScript_Shawn_Item,FALSE,,,,,,
sParty_Wattson1,Mauville Gym,Trainer,Gym Leader,MauvilleCity_Gym_EventScript_Wattson_Item,FALSE,,,,,,
ITEM_FULL_HEAL,Meteor Falls,Normal Item,Item Ball,MeteorFalls_1F_1R_EventScript_ItemFullHeal,FALSE,,,,,,
ITEM_MOON_STONE,Meteor Falls,Normal Item,Item Ball,MeteorFalls_1F_1R_EventScript_ItemMoonStone,FALSE,,,,,,
ITEM_TM23,Meteor Falls,Normal Item,Item Ball,MeteorFalls_1F_1R_EventScript_ItemTM23,FALSE,ITEM_HM03,ITEM_HM07,,,,
ITEM_TM02,Meteor Falls,Normal Item,Item Ball,MeteorFalls_B1F_2R_EventScript_ItemTM02,FALSE,ITEM_HM03,ITEM_HM07,,,,
ITEM_PP_UP,Meteor Falls,Normal Item,Item Ball,MeteorFalls_1F_1R_EventScript_ItemPPUP,FALSE,ITEM_HM03,ITEM_HM07,,,,
sParty_JohnAndJay1,Meteor Falls,Trainer,Trainer,MeteorFalls_1F_2R_EventScript_John_Item,FALSE,ITEM_HM03,ITEM_HM07,,,,
sParty_Nicolas1,Meteor Falls,Trainer,Trainer,MeteorFalls_1F_2R_EventScript_Nicolas_Item,FALSE,ITEM_HM03,ITEM_HM07,,,,
sParty_Steven,Meteor Falls,Trainer,Trainer,MeteorFalls_StevensCave_EventScript_Steven_Item,FALSE,,,,,,
ITEM_NET_BALL,Mossdeep,Normal Item,Item Ball,MossdeepCity_EventScript_ItemNetBall,FALSE,,,,,,
ITEM_KINGS_ROCK,Mossdeep,Normal Item,NPC,MossdeepCity_EventScript_KingsRockBoy_Item,FALSE,,,,,,
ITEM_HM08,Mossdeep,Normal Item,NPC,MossdeepCity_StevensHouse_EventScript_StevenGivesDive_Item,FALSE,,,,,,
ITEM_SUPER_ROD,Mossdeep,Normal Item,NPC,MossdeepCity_House3_EventScript_SuperRodFisherman_Item,FALSE,,,,,,
"SPECIES_BELDUM, 5",Mossdeep,Pokemon,NPC,MossdeepCity_StevensHouse_EventScript_GiveBeldum_Item,FALSE,,,,,,
sParty_Preston,Mosdeep Gym,Trainer,Trainer,MossdeepCity_Gym_EventScript_Preston_Item,FALSE,,,,,,
sParty_Maura,Mosdeep Gym,Trainer,Trainer,MossdeepCity_Gym_EventScript_Maura_Item,FALSE,,,,,,
sParty_Samantha,Mosdeep Gym,Trainer,Trainer,MossdeepCity_Gym_EventScript_Samantha_Item,FALSE,,,,,,
sParty_Blake,Mosdeep Gym,Trainer,Trainer,MossdeepCity_Gym_EventScript_Blake_Item,FALSE,,,,,,
sParty_Macey,Mosdeep Gym,Trainer,Trainer,MossdeepCity_Gym_EventScript_Macey_Item,FALSE,,,,,,
sParty_Clifford,Mosdeep Gym,Trainer,Trainer,MossdeepCity_Gym_EventScript_Clifford_Item,FALSE,,,,,,
sParty_Kathleen,Mosdeep Gym,Trainer,Trainer,MossdeepCity_Gym_EventScript_Kathleen_Item,FALSE,,,,,,
sParty_Nicholas,Mosdeep Gym,Trainer,Trainer,MossdeepCity_Gym_EventScript_Nicholas_Item,FALSE,,,,,,
sParty_Nate,Mosdeep Gym,Trainer,Trainer,MossdeepCity_Gym_EventScript_Nate_Item,FALSE,,,,,,
sParty_Virgil,Mosdeep Gym,Trainer,Trainer,MossdeepCity_Gym_EventScript_Virgil_Item,FALSE,,,,,,
sParty_Sylvia,Mosdeep Gym,Trainer,Trainer,MossdeepCity_Gym_EventScript_Sylvia_Item,FALSE,,,,,,
sParty_Hannah,Mosdeep Gym,Trainer,Trainer,MossdeepCity_Gym_EventScript_Hannah_Item,FALSE,,,,,,
sParty_TateAndLiza1,Mosdeep Gym,Trainer,Gym Leader,MossdeepCity_Gym_EventScript_TateAndLiza_Item,FALSE,,,,,,
ITEM_METEORITE,Mt Chimney,Normal Item,NPC,MtChimney_EventScript_MeteoriteMachine_Item,FALSE,,,,,,
ITEM_CLEANSE_TAG,Mt Pyre,Normal Item,NPC,MtPyre_1F_EventScript_CleanseTagWoman_Item,FALSE,,,,,,
ITEM_ULTRA_BALL,Mt Pyre,Normal Item,Item Ball,MtPyre_2F_EventScript_ItemUltraBall,FALSE,,,,,,
ITEM_SUPER_REPEL,Mt Pyre,Normal Item,Item Ball,MtPyre_3F_EventScript_ItemSuperRepel,FALSE,,,,,,
ITEM_SEA_INCENSE,Mt Pyre,Normal Item,Item Ball,MtPyre_4F_EventScript_ItemSeaIncense,FALSE,,,,,,
ITEM_LAX_INCENSE,Mt Pyre,Normal Item,Item Ball,MtPyre_5F_EventScript_ItemLaxIncense,FALSE,,,,,,
ITEM_TM30,Mt Pyre,Normal Item,Item Ball,MtPyre_6F_EventScript_ItemTM30,FALSE,,,,,,
ITEM_TM48,Mt Pyre,Normal Item,Item Ball,MtPyre_Exterior_EventScript_ItemTM48,FALSE,,,,,,
ITEM_MAX_POTION,Mt Pyre,Normal Item,Item Ball,MtPyre_Exterior_EventScript_ItemMaxPotion,FALSE,,,,,,
ITEM_MAX_ETHER,Mt Pyre,Normal Item,Hidden Item,map.json,TRUE,,,,,,
ITEM_ULTRA_BALL,Mt Pyre,Normal Item,Hidden Item,map.json,TRUE,,,,,,
ITEM_ZINC,Mt Pyre,Normal Item,Hidden Item,map.json,TRUE,,,,,,
ITEM_RARE_CANDY,Mt Pyre,Normal Item,Hidden Item,map.json,TRUE,,,,,,
ITEM_MAGMA_EMBLEM,Mt Pyre,Normal Item,NPC,MtPyre_Summit_EventScript_TeamAquaExits_Item,FALSE,,,,,,
sParty_Mark,Mt Pyre,Trainer,Trainer,MtPyre_2F_EventScript_Mark_Item,FALSE,,,,,,
sParty_Leah,Mt Pyre,Trainer,Trainer,MtPyre_2F_EventScript_Leah_Item,FALSE,,,,,,
sParty_Zander,Mt Pyre,Trainer,Trainer,MtPyre_2F_EventScript_Zander_Item,FALSE,,,,,,
sParty_DezAndLuke,Mt Pyre,Trainer,Trainer,MtPyre_2F_EventScript_Dez_Item,FALSE,,,,,,
sParty_Kayla,Mt Pyre,Trainer,Trainer,MtPyre_3F_EventScript_Kayla_Item,FALSE,,,,,,
sParty_Gabrielle1,Mt Pyre,Trainer,Trainer,MtPyre_3F_EventScript_Gabrielle_Item,FALSE,,,,,,
sParty_William,Mt Pyre,Trainer,Trainer,MtPyre_3F_EventScript_William_Item,FALSE,,,,,,
sParty_Tasha,Mt Pyre,Trainer,Trainer,MtPyre_4F_EventScript_Tasha_Item,FALSE,,,,,,
sParty_Atsushi,Mt Pyre,Trainer,Trainer,MtPyre_5F_EventScript_Atsushi_Item,FALSE,,,,,,
sParty_Valerie1,Mt Pyre,Trainer,Trainer,MtPyre_6F_EventScript_Valerie_Item,FALSE,,,,,,
sParty_Cedric,Mt Pyre,Trainer,Trainer,MtPyre_6F_EventScript_Cedric_Item,FALSE,,,,,,
sParty_GruntMtPyre1,Mt Pyre,Trainer,Trainer,MtPyre_Summit_EventScript_Grunt1_Item,FALSE,,,,,,
sParty_GruntMtPyre2,Mt Pyre,Trainer,Trainer,MtPyre_Summit_EventScript_Grunt2_Item,FALSE,,,,,,
sParty_GruntMtPyre3,Mt Pyre,Trainer,Trainer,MtPyre_Summit_EventScript_Grunt3_Item,FALSE,,,,,,
sParty_GruntMtPyre4,Mt Pyre,Trainer,Trainer,MtPyre_Summit_EventScript_Grunt4_Item,FALSE,,,,,,
ITEM_SACRED_ASH,Navel Rock,Normal Item,Hidden Item,map.json,TRUE,,,,,,
SPECIES_HO_OH,Navel Rock,Trainer,Legendary Pokemon,NavelRock_Top_EventScript_HoOh_ITEM,FALSE,,,,,,
ITEM_ESCAPE_ROPE,New Mauville,Normal Item,Item Ball,NewMauville_Inside_EventScript_ItemEscapeRope,FALSE,,,,,,
ITEM_ULTRA_BALL,New Mauville,Normal Item,Item Ball,NewMauville_Inside_EventScript_ItemUltraBall,FALSE,,,,,,
ITEM_PARALYZE_HEAL,New Mauville,Normal Item,Item Ball,NewMauville_Inside_EventScript_ItemParalyzeHeal,FALSE,,,,,,
ITEM_FULL_HEAL,New Mauville,Normal Item,Item Ball,NewMauville_Inside_EventScript_ItemFullHeal,FALSE,,,,,,
ITEM_THUNDER_STONE,New Mauville,Normal Item,Item Ball,NewMauville_Inside_EventScript_ItemThunderStone,FALSE,,,,,,
SPECIES_VOLTORB,New Mauville,Trap,Item Ball,NewMauville_Inside_EventScript_Voltorb1_Item,FALSE,,,,,,
SPECIES_VOLTORB,New Mauville,Trap,Item Ball,NewMauville_Inside_EventScript_Voltorb2_Item,FALSE,,,,,,
SPECIES_VOLTORB,New Mauville,Trap,Item Ball,NewMauville_Inside_EventScript_Voltorb3_Item,FALSE,,,,,,
ITEM_POTION,Oldale Town,Normal Item,NPC,OldaleTown_EventScript_ExplainPokemonMart_Item,FALSE,,,,,,
ITEM_TM21,Pacifidlog,Normal Item,NPC,PacifidlogTown_House2_EventScript_GiveFrustration_Item,FALSE,,,,,,
ITEM_TM27,Pacifidlog,Normal Item,NPC,PacifidlogTown_House2_EventScript_GiveReturn_Item,FALSE,,,,,,
ITEM_HM03,Petalburg,Normal Item,NPC,PetalburgCity_WallysHouse_EventScript_GiveHM03Surf_Item,FALSE,,,,,,
ITEM_MAX_REVIVE,Petalburg,Normal Item,Item Ball,PetalburgCity_EventScript_ItemMaxRevive,FALSE,,,,,,
ITEM_ETHER,Petalburg,Normal Item,Item Ball,PetalburgCity_EventScript_ItemEther,FALSE,,,,,,
ITEM_RARE_CANDY,Petalburg,Normal Item,Hidden Item,map.json,TRUE,,,,,,
Randall,Petalburg Gym,Trainer,Trainer,PetalburgCity_Gym_EventScript_Randall_Item,FALSE,,,,,,
sParty_Mary,Petalburg Gym,Trainer,Trainer,PetalburgCity_Gym_EventScript_Mary_Item,FALSE,,,,,,
sParty_Parker,Petalburg Gym,Trainer,Trainer,PetalburgCity_Gym_EventScript_Parker_Item,FALSE,,,,,,
sParty_Alexia,Petalburg Gym,Trainer,Trainer,PetalburgCity_Gym_EventScript_Alexia_Item,FALSE,,,,,,
sParty_George,Petalburg Gym,Trainer,Trainer,PetalburgCity_Gym_EventScript_George_Item,FALSE,,,,,,
sParty_Jody,Petalburg Gym,Trainer,Trainer,PetalburgCity_Gym_EventScript_Jody_Item,FALSE,,,,,,
sParty_Berke,Petalburg Gym,Trainer,Trainer,PetalburgCity_Gym_EventScript_Berke_Item,FALSE,,,,,,
sParty_Norman1,Petalburg Gym,Trainer,Gym Leader,PetalburgCity_Gym_EventScript_NormanBattle_Item,FALSE,,,,,,
ITEM_POTION,Petalburg Woods,Normal Item,Hidden Item,map.json,TRUE,,,,,,
ITEM_PARALYZE_HEAL,Petalburg Woods,Normal Item,NPC,PetalburgWoods_EventScript_ItemParalyzeHeal,FALSE,,,,,,
ITEM_GREAT_BALL,Petalburg Woods,Normal Item,NPC,PetalburgWoods_EventScript_DevonResearcherPostBattle_Item,FALSE,,,,,,
ITEM_POKE_BALL,Petalburg Woods,Normal Item,Hidden Item,map.json,TRUE,,,,,,
ITEM_ETHER,Petalburg Woods,Normal Item,Item Ball,PetalburgWoods_EventScript_ItemEther,FALSE,,,,,,
ITEM_MIRACLE_SEED,Petalburg Woods,Normal Item,NPC,PetalburgWoods_EventScript_Girl_Item,FALSE,ITEM_HM01,,,,,
ITEM_GREAT_BALL,Petalburg Woods,Normal Item,NPC,PetalburgWoods_EventScript_ItemGreatBall,FALSE,ITEM_HM01,,,,,
ITEM_X_ATTACK,Petalburg Woods,Normal Item,NPC,PetalburgWoods_EventScript_ItemXAttack,FALSE,ITEM_HM01,,,,,
sParty_Lyle,Petalburg Woods,Trainer,Trainer,PetalburgWoods_EventScript_Lyle_Item,FALSE,,,,,,
sParty_James1,Petalburg Woods,Trainer,Trainer,PetalburgWoods_EventScript_James_Item,FALSE,,,,,,
sParty_GruntPetalburgWoods,Petalburg Woods,Trainer,Trainer,PetalburgWoods_EventScript_DevonResearcherLeft_Item,FALSE,,,,,,
ITEM_POTION,Route 102,Normal Item,Item Ball,Route102_EventScript_ItemPotion,FALSE,,,,,,
sParty_Calvin1,Route 102,Trainer,Trainer,Route102_EventScript_Calvin_Item,FALSE,,,,,,
sParty_Rick,Route 102,Trainer,Trainer,Route102_EventScript_Rick_Item,FALSE,,,,,,
sParty_Allen,Route 102,Trainer,Trainer,Route102_EventScript_Allen_Item,FALSE,,,,,,
sParty_Tiana,Route 102,Trainer,Trainer,Route102_EventScript_Tiana_Item,FALSE,,,,,,
ITEM_GUARD_SPEC,Route 103,Normal Item,Item Ball,Route103_EventScript_ItemGuardSpec,FALSE,ITEM_HM01,,,,,
ITEM_PP_UP,Route 103,Normal Item,Item Ball,Route103_EventScript_ItemPPUp,FALSE,,,,,,
Rival,Route 103,Trainer,Trainer,Route103_EventScript_Item_Rival,FALSE,,,,,,
ITEM_ANTIDOTE,Route 104,Normal Item,Hidden Item,map.json,TRUE,,,,,,
ITEM_HEART_SCALE,Route 104,Normal Item,Hidden Item,map.json,TRUE,,,,,,
ITEM_POTION,Route 104,Normal Item,Hidden Item,map.json,TRUE,,,,,,
ITEM_POKE_BALL,Route 104,Normal Item,Item Ball,Route104_EventScript_ItemPokeBall,FALSE,,,,,,
ITEM_TM09,Route 104,Normal Item,NPC,Route104_EventScript_Boy2_Item,FALSE,,,,,,
ITEM_POKE_BALL,Route 104,Normal Item,Hidden Item,map.json,TRUE,,,,,,
ITEM_POTION,Route 104,Normal Item,Item Ball,Route104_EventScript_ItemPotion,FALSE,,,,,,
ITEM_SUPER_POTION,Route 104,Normal Item,Hidden Item,map.json,TRUE,,,,,,
ITEM_X_ACCURACY,Route 104,Normal Item,Item Ball,Route104_EventScript_ItemXAccuracy,FALSE,,,,,,
ITEM_PP_UP,Route 104,Normal Item,Item Ball,Route104_EventScript_ItemPPUp,FALSE,,,,,,
ITEM_WHITE_HERB,Route 104,Normal Item,NPC,Route104_EventScript_WhiteHerbFlorist_Item,FALSE,,,,,,
ITEM_WAILMER_PAIL,Route 104,Normal Item,NPC,Route104_PrettyPetalFlowerShop_EventScript_GiveWailmerPail_ITEM,FALSE,,,,,,
ITEM_IRON,Route 105,Normal Item,Item Ball,Route105_EventScript_ItemIron,FALSE,,,,,,
ITEM_BIG_PEARL,Route 105,Normal Item,Hidden Item,map.json,TRUE,,,,,,
ITEM_HEART_SCALE,Route 105,Normal Item,Hidden Item,map.json,TRUE,,,,,,
sParty_Imani,Route 105,Trainer,Trainer,Route105_EventScript_Imani_Item,FALSE,,,,,,
sParty_Dominik,Route 105,Trainer,Trainer,Route105_EventScript_Dominik_Item,FALSE,,,,,,
sParty_Foster,Route 105,Trainer,Trainer,Route105_EventScript_Foster_Item,FALSE,,,,,,
sParty_Beverly,Route 105,Trainer,Trainer,Route105_EventScript_Beverly_Item,FALSE,,,,,,
sParty_Andres1,Route 105,Trainer,Trainer,Route105_EventScript_Andres_Item,FALSE,,,,,,
sParty_Josue,Route 105,Trainer,Trainer,Route105_EventScript_Josue_Item,FALSE,,,,,,
sParty_Luis,Route 105,Trainer,Trainer,Route105_EventScript_Luis_Item,FALSE,,,,,,
ITEM_HEART_SCALE,Route 106,Normal Item,Hidden Item,map.json,TRUE,,,,,,
ITEM_STARDUST,Route 106,Normal Item,Hidden Item,map.json,TRUE,,,,,,
ITEM_POKE_BALL,Route 106,Normal Item,Hidden Item,map.json,TRUE,,,,,,
ITEM_PROTEIN,Route 106,Normal Item,Item Ball,Route106_EventScript_ItemProtein,FALSE,,,,,,
sParty_Ned,Route 106,Trainer,Trainer,Route106_EventScript_Ned_Item,FALSE,,,,,,
sParty_Elliot1,Route 106,Trainer,Trainer,Route106_EventScript_Elliot_Item,FALSE,,,,,,
sParty_Douglas,Route 106,Trainer,Trainer,Route106_EventScript_Douglas_Item,FALSE,,,,,,
sParty_Kyla,Route 106,Trainer,Trainer,Route106_EventScript_Kyla_Item,FALSE,,,,,,
sParty_Denise,Route 107,Trainer,Trainer,Route107_EventScript_Denise_Item,FALSE,,,,,,
sParty_Tony1,Route 107,Trainer,Trainer,Route107_EventScript_Tony_Item,FALSE,,,,,,
sParty_LisaAndRay,Route 107,Trainer,Trainer,Route107_EventScript_Lisa_Item,FALSE,,,,,,
sParty_Darrin,Route 107,Trainer,Trainer,Route107_EventScript_Darrin_Item,FALSE,,,,,,
sParty_Beth,Route 107,Trainer,Trainer,Route107_EventScript_Beth_Item,FALSE,,,,,,
sParty_Camron,Route 107,Trainer,Trainer,Route107_EventScript_Camron_Item,FALSE,,,,,,
ITEM_STAR_PIECE,Route 108,Normal Item,Item Ball,Route108_EventScript_ItemStarPiece,FALSE,,,,,,
ITEM_RARE_CANDY,Route 108,Normal Item,Hidden Item,map.json,TRUE,,,,,,
sParty_Missy,Route 108,Trainer,Trainer,Route108_EventScript_Missy_Item,FALSE,,,,,,
sParty_Matthew,Route 108,Trainer,Trainer,Route108_EventScript_Matthew_Item,FALSE,,,,,,
sParty_Tara,Route 108,Trainer,Trainer,Route108_EventScript_Tara_Item,FALSE,,,,,,
sParty_Carolina,Route 108,Trainer,Trainer,Route108_EventScript_Carolina_Item,FALSE,,,,,,
sParty_Cory1,Route 108,Trainer,Trainer,Route108_EventScript_Cory_Item,FALSE,,,,,,
sParty_Jerome,Route 108,Trainer,Trainer,Route108_EventScript_Jerome_Item,FALSE,,,,,,
ITEM_REVIVE,Route 109,Normal Item,Hidden Item,map.json,TRUE,,,,,,
ITEM_ETHER,Route 109,Normal Item,Hidden Item,map.json,TRUE,,,,,,
ITEM_SOFT_SAND,Route 109,Normal Item,NPC,Route109_EventScript_SoftSandGirl_ITEM,FALSE,,,,,,
ITEM_HEART_SCALE,Route 109,Normal Item,Hidden Item,map.json,TRUE,,,,,,
ITEM_HEART_SCALE,Route 109,Normal Item,Hidden Item,map.json,TRUE,,,,,,
ITEM_GREAT_BALL,Route 109,Normal Item,Hidden Item,map.json,TRUE,,,,,,
"ITEM_SODA_POP, 6",Route 109,Normal Item,NPC,Route109_SeashoreHouse_EventScript_DefeatedTrainers_Item,FALSE,,,,,,
ITEM_POTION,Route 109,Normal Item,Item Ball,Route109_EventScript_ItemPotion,FALSE,,,,,,
ITEM_PP_UP,Route 109,Normal Item,Item Ball,Route109_EventScript_ItemPPUp,FALSE,ITEM_HM03,,,,,
sParty_Huey,Route 109,Trainer,Trainer,Route109_EventScript_Huey_Item,FALSE,,,,,,
sParty_Edmond,Route 109,Trainer,Trainer,Route109_EventScript_Edmond_Item,FALSE,,,,,,
sParty_Hailey,Route 109,Trainer,Trainer,Route109_EventScript_Hailey_Item,FALSE,,,,,,
sParty_Ricky1,Route 109,Trainer,Trainer,Route109_EventScript_Ricky_Item,FALSE,,,,,,
sParty_Lola1,Route 109,Trainer,Trainer,Route109_EventScript_Lola_Item,FALSE,,,,,,
sParty_Chandler,Route 109,Trainer,Trainer,Route109_EventScript_Chandler_Item,FALSE,,,,,,
sParty_Simon,Route 109,Trainer,Trainer,Route109_SeashoreHouse_EventScript_Simon_Item,FALSE,,,,,,
sParty_Johanna,Route 109,Trainer,Trainer,Route109_SeashoreHouse_EventScript_Johanna_Item,FALSE,,,,,,
sParty_Dwayne,Route 109,Trainer,Trainer,Route109_SeashoreHouse_EventScript_Dwayne_Item,FALSE,,,,,,
sParty_Austina,Route 109,Trainer,Trainer,Route109_EventScript_Austina_Item,FALSE,ITEM_HM03,,,,,
sParty_Gwen,Route 109,Trainer,Trainer,Route109_EventScript_Gwen_Item,FALSE,ITEM_HM03,,,,,
sParty_David,Route 109,Trainer,Trainer,Route109_EventScript_David_Item,FALSE,ITEM_HM03,,,,,
sParty_Alice,Route 109,Trainer,Trainer,Route109_EventScript_Alice_Item,FALSE,ITEM_HM03,,,,,
sParty_Carter,Route 109,Trainer,Trainer,Route109_EventScript_Carter_Item,FALSE,ITEM_HM03,,,,,
sParty_Elijah,Route 109,Trainer,Trainer,Route109_EventScript_Elijah_Item,FALSE,ITEM_HM03,,,,,
sParty_MelAndPaul,Route 109,Trainer,Trainer,Route109_EventScript_Mel_Item,FALSE,ITEM_HM03,,,,,
ITEM_DIRE_HIT,Route 110,Normal Item,Item Ball,Route110_EventScript_ItemDireHit,FALSE,,,,,,
ITEM_RARE_CANDY,Route 110,Normal Item,Item Ball,Route110_EventScript_ItemRareCandy,FALSE,,,,,,
ITEM_FULL_HEAL,Route 110,Normal Item,Hidden Item,map.json,TRUE,,,,,,
ITEM_DOWSING_MACHINE,Route 110,Normal Item,NPC,Route110_EventScript_GiveItemfinder_Item,FALSE,,,,,,
ITEM_GREAT_BALL,Route 110,Normal Item,Hidden Item,map.json,TRUE,,,,,,
ITEM_REVIVE,Route 110,Normal Item,Hidden Item,map.json,TRUE,,,,,,
ITEM_ELIXIR,Route 110,Normal Item,Item Ball,Route110_EventScript_ItemElixir,FALSE,,,,,,
ITEM_POKE_BALL,Route 110,Normal Item,Hidden Item,map.json,TRUE,,,,,,
sParty_Isabel1,Route 110,Trainer,Trainer,Route110_EventScript_Isabel_Item,FALSE,,,,,,
sParty_Kaleb,Route 110,Trainer,Trainer,Route110_EventScript_Kaleb_Item,FALSE,,,,,,
sParty_Timmy,Route 110,Trainer,Trainer,Route110_EventScript_Timmy_Item,FALSE,,,,,,
sParty_Edwin1,Route 110,Trainer,Trainer,Route110_EventScript_Edwin_Item,FALSE,,,,,,
sParty_Joseph,Route 110,Trainer,Trainer,Route110_EventScript_Joseph_Item,FALSE,,,,,,
sParty_Edward,Route 110,Trainer,Trainer,Route110_EventScript_Edward_Item,FALSE,,,,,,
sParty_Alyssa,Route 110,Trainer,Trainer,Route110_EventScript_Alyssa_Item,FALSE,,,,,,
sParty_Dale,Route 110,Trainer,Trainer,Route110_EventScript_Dale_Item,FALSE,,,,,,
sParty_MayRoute110Mudkip,Route 110,Trainer,Trainer,Route110_EventScript_GiveItemfinder_Item2,FALSE,,,,,,
sParty_Jaclyn,Route 110,Trainer,Trainer,Route110_EventScript_Jaclyn_Item,FALSE,,,,,,
sParty_Abigail1,Route 110,Trainer,Trainer,Route110_EventScript_Abigail_Item,FALSE,,,,,,
sParty_Anthony,Route 110,Trainer,Trainer,Route110_EventScript_Anthony_Item,FALSE,,,,,,
sParty_Benjamin1,Route 110,Trainer,Trainer,Route110_EventScript_Benjamin_Item,FALSE,,,,,,
sParty_Jasmine,Route 110,Trainer,Trainer,Route110_EventScript_Jasmine_Item,FALSE,,,,,,
sParty_Jacob,Route 110,Trainer,Trainer,Route110_EventScript_Jacob_Item,FALSE,,,,,,
ITEM_NUGGET,Trick House,Normal Item,Hidden Item,map.json,TRUE,,,,,,
ITEM_RARE_CANDY,Trick House,Normal Item,NPC,Route110_TrickHouseEnd_EventScript_CompletedPuzzle1_Item,FALSE,ITEM_HM01,,,,,
ITEM_TIMER_BALL,Trick House,Normal Item,NPC,Route110_TrickHouseEnd_EventScript_CompletedPuzzle2_Item,FALSE,ITEM_HM01,,,,,
ITEM_HARD_STONE,Trick House,Normal Item,NPC,Route110_TrickHouseEnd_EventScript_CompletedPuzzle3_Item,FALSE,ITEM_HM01,ITEM_HM06,,,,
ITEM_SMOKE_BALL,Trick House,Normal Item,NPC,Route110_TrickHouseEnd_EventScript_CompletedPuzzle4_Item,FALSE,ITEM_HM01,ITEM_HM06,ITEM_HM04,,,
ITEM_TM12,Trick House,Normal Item,NPC,Route110_TrickHouseEnd_EventScript_CompletedPuzzle5_Item,FALSE,ITEM_HM01,ITEM_HM06,ITEM_HM04,,,
ITEM_MAGNET,Trick House,Normal Item,NPC,Route110_TrickHouseEnd_EventScript_CompletedPuzzle6_Item,FALSE,ITEM_HM01,ITEM_HM06,ITEM_HM04,,,
ITEM_PP_MAX,Trick House,Normal Item,NPC,Route110_TrickHouseEnd_EventScript_CompletedPuzzle7_Item,FALSE,ITEM_HM01,ITEM_HM06,ITEM_HM04,,,
ITEM_ORANGE_MAIL,Trick House,Normal Item,Item Ball,Route110_TrickHousePuzzle1_EventScript_ItemOrangeMail,FALSE,ITEM_HM01,,,,,
sParty_Sally,Trick House,Trainer,Trainer,Route110_TrickHousePuzzle1_EventScript_Sally_Item,FALSE,,,,,,
sParty_Robin,Trick House,Trainer,Trainer,Route110_TrickHousePuzzle1_EventScript_Robin_Item,FALSE,ITEM_HM01,,,,,
sParty_Eddie,Trick House,Trainer,Trainer,Route110_TrickHousePuzzle1_EventScript_Eddie_Item,FALSE,ITEM_HM01,,,,,
ITEM_WAVE_MAIL,Trick House,Normal Item,Item Ball,Route110_TrickHousePuzzle2_EventScript_ItemWaveMail,FALSE,ITEM_HM01,,,,,
ITEM_HARBOR_MAIL,Trick House,Normal Item,Item Ball,Route110_TrickHousePuzzle2_EventScript_ItemHarborMail,FALSE,ITEM_HM01,,,,,
sParty_Ted,Trick House,Trainer,Trainer,Route110_TrickHousePuzzle2_EventScript_Ted_Item,FALSE,ITEM_HM01,,,,,
sParty_Paul,Trick House,Trainer,Trainer,Route110_TrickHousePuzzle2_EventScript_Paul_Item,FALSE,ITEM_HM01,,,,,
sParty_Georgia,Trick House,Trainer,Trainer,Route110_TrickHousePuzzle2_EventScript_Georgia_Item,FALSE,ITEM_HM01,,,,,
ITEM_WOOD_MAIL,Trick House,Normal Item,Item Ball,Route110_TrickHousePuzzle3_EventScript_ItemWoodMail,FALSE,ITEM_HM01,ITEM_HM06,,,,
ITEM_SHADOW_MAIL,Trick House,Normal Item,Item Ball,Route110_TrickHousePuzzle3_EventScript_ItemShadowMail,FALSE,ITEM_HM01,ITEM_HM06,,,,
sParty_Justin,Trick House,Trainer,Trainer,Route110_TrickHousePuzzle3_EventScript_Justin_Item,FALSE,ITEM_HM01,ITEM_HM06,,,,
sParty_Martha,Trick House,Trainer,Trainer,Route110_TrickHousePuzzle3_EventScript_Martha_Item,FALSE,ITEM_HM01,ITEM_HM06,,,,
sParty_Alan,Trick House,Trainer,Trainer,Route110_TrickHousePuzzle3_EventScript_Alan_Item,FALSE,ITEM_HM01,ITEM_HM06,,,,
ITEM_MECH_MAIL,Trick House,Normal Item,Item Ball,Route110_TrickHousePuzzle4_EventScript_ItemMechMail,FALSE,ITEM_HM01,ITEM_HM06,ITEM_HM04,,,
sParty_Yuji,Trick House,Trainer,Trainer,Route110_TrickHousePuzzle4_EventScript_Yuji_Item,FALSE,ITEM_HM01,ITEM_HM06,ITEM_HM04,,,
sParty_Cora,Trick House,Trainer,Trainer,Route110_TrickHousePuzzle4_EventScript_Cora_Item,FALSE,ITEM_HM01,ITEM_HM06,ITEM_HM04,,,
sParty_Paula,Trick House,Trainer,Trainer,Route110_TrickHousePuzzle4_EventScript_Paula_Item,FALSE,ITEM_HM01,ITEM_HM06,ITEM_HM04,,,
ITEM_GLITTER_MAIL,Trick House,Normal Item,Item Ball,Route110_TrickHousePuzzle6_EventScript_ItemGlitterMail,FALSE,ITEM_HM01,ITEM_HM06,ITEM_HM04,,,
sParty_Sophia,Trick House,Trainer,Trainer,Route110_TrickHousePuzzle6_EventScript_Sophia_Item,FALSE,ITEM_HM01,ITEM_HM06,ITEM_HM04,,,
sParty_Sebastian,Trick House,Trainer,Trainer,Route110_TrickHousePuzzle6_EventScript_Sebastian_Item,FALSE,ITEM_HM01,ITEM_HM06,ITEM_HM04,,,
sParty_Benny,Trick House,Trainer,Trainer,Route110_TrickHousePuzzle6_EventScript_Benny_Item,FALSE,ITEM_HM01,ITEM_HM06,ITEM_HM04,,,
ITEM_TROPIC_MAIL,Trick House,Normal Item,Item Ball,Route110_TrickHousePuzzle7_EventScript_ItemTropicMail,FALSE,ITEM_HM01,ITEM_HM06,ITEM_HM04,,,
sParty_Joshua,Trick House,Trainer,Trainer,Route110_TrickHousePuzzle7_EventScript_Joshua_Item,FALSE,ITEM_HM01,ITEM_HM06,ITEM_HM04,,,
sParty_Patricia,Trick House,Trainer,Trainer,Route110_TrickHousePuzzle7_EventScript_Patricia_Item,FALSE,ITEM_HM01,ITEM_HM06,ITEM_HM04,,,
sParty_Mariela,Trick House,Trainer,Trainer,Route110_TrickHousePuzzle7_EventScript_Mariela_Item,FALSE,ITEM_HM01,ITEM_HM06,ITEM_HM04,,,
sParty_Everett,Trick House,Trainer,Trainer,Route110_TrickHousePuzzle7_EventScript_Everett_Item,FALSE,ITEM_HM01,ITEM_HM06,ITEM_HM04,,,
sParty_Alexis,Trick House,Trainer,Trainer,Route110_TrickHousePuzzle7_EventScript_Alexis_Item,FALSE,ITEM_HM01,ITEM_HM06,ITEM_HM04,,,
sParty_Alvaro,Trick House,Trainer,Trainer,Route110_TrickHousePuzzle7_EventScript_Alvaro_Item,FALSE,ITEM_HM01,ITEM_HM06,ITEM_HM04,,,
ITEM_BEAD_MAIL,Trick House,Normal Item,Item Ball,Route110_TrickHousePuzzle8_EventScript_ItemBeadMail,FALSE,ITEM_HM01,ITEM_HM06,ITEM_HM04,,,
sParty_Keira,Trick House,Trainer,Trainer,Route110_TrickHousePuzzle8_EventScript_Keira_Item,FALSE,ITEM_HM01,ITEM_HM06,ITEM_HM04,,,
sParty_Vincent,Trick House,Trainer,Trainer,Route110_TrickHousePuzzle8_EventScript_Vincent_Item,FALSE,ITEM_HM01,ITEM_HM06,ITEM_HM04,,,
sParty_Leroy,Trick House,Trainer,Trainer,Route110_TrickHousePuzzle8_EventScript_Leroy_Item,FALSE,ITEM_HM01,ITEM_HM06,ITEM_HM04,,,
ITEM_MACHO_BRACE,Route 111,Normal Item,NPC,Route111_WinstrateFamilysHouse_EventScript_Victoria_Item_Brace,FALSE,,,,,,
ITEM_HP_UP,Route 111,Normal Item,Item Ball,Route111_EventScript_ItemHPUp,FALSE,ITEM_HM03,,,,,
ITEM_ELIXIR,Route 111,Normal Item,Item Ball,Route111_EventScript_ItemElixir,FALSE,,,,,,
ITEM_STARDUST,Route 111,Normal Item,Item Ball,Route111_EventScript_ItemStardust,FALSE,ITEM_GO_GOGGLES,,,,,
ITEM_STARDUST,Route 111,Normal Item,Hidden Item,map.json,TRUE,ITEM_GO_GOGGLES,,,,,
ITEM_PROTEIN,Route 111,Normal Item,Hidden Item,map.json,TRUE,ITEM_GO_GOGGLES,,,,,
ITEM_RARE_CANDY,Route 111,Normal Item,Hidden Item,map.json,TRUE,ITEM_GO_GOGGLES,,,,,
ITEM_RAZZ_BERRY,Route 111,Normal Item,NPC,Route111_EventScript_Girl_Item,FALSE,,,,,,
ITEM_TM37,Route 111,TM,Item Ball,Route111_EventScript_ItemTM37,FALSE,ITEM_GO_GOGGLES,,,,,
ITEM_TM43,Route 111,TM,NPC,Route111_EventScript_GiveSecretPower_Item,FALSE,,,,,,
sParty_Tyron,Route 111,Trainer,Trainer,Route111_EventScript_Tyron_Item,FALSE,,,,,,
sParty_Celina,Route 111,Trainer,Trainer,Route111_EventScript_Celina_Item,FALSE,,,,,,
sParty_Bianca,Route 111,Trainer,Trainer,Route111_EventScript_Bianca_Item,FALSE,,,,,,
sParty_Hayden,Route 111,Trainer,Trainer,Route111_EventScript_Hayden_Item,FALSE,,,,,,
Gabby and Ty,Route 111,Trainer,Trainer,,FALSE,,,,,,
sParty_Irene,Route 111,Trainer,Trainer,Route111_EventScript_Irene_Item,FALSE,,,,,,
sParty_Travis,Route 111,Trainer,Trainer,Route111_EventScript_Travis_Item,FALSE,,,,,,
sParty_Heidi,Route 111,Trainer,Trainer,Route111_EventScript_Heidi_Item,FALSE,ITEM_GO_GOGGLES,,,,,
sParty_Beau,Route 111,Trainer,Trainer,Route111_EventScript_Beau_Item,FALSE,ITEM_GO_GOGGLES,,,,,
sParty_Drew,Route 111,Trainer,Trainer,Route111_EventScript_Drew_Item,FALSE,ITEM_GO_GOGGLES,,,,,
sParty_Becky,Route 111,Trainer,Trainer,Route111_EventScript_Becky_Item,FALSE,ITEM_GO_GOGGLES,,,,,
sParty_Dusty1,Route 111,Trainer,Trainer,Route111_EventScript_Dusty_Item,FALSE,ITEM_GO_GOGGLES,,,,,
sParty_Celia,Route 111,Trainer,Trainer,Route111_EventScript_Celia_Item,FALSE,ITEM_GO_GOGGLES,,,,,
sParty_Bryan,Route 111,Trainer,Trainer,Route111_EventScript_Bryan_Item,FALSE,ITEM_GO_GOGGLES,,,,,
sParty_Branden,Route 111,Trainer,Trainer,Route111_EventScript_Branden_Item,FALSE,ITEM_GO_GOGGLES,,,,,
sParty_Wilton1,Route 111,Trainer,Trainer,Route111_EventScript_Wilton_Item,FALSE,,,,,,
sParty_Brooke1,Route 111,Trainer,Trainer,Route111_EventScript_Brooke_Item,FALSE,,,,,,
sParty_Daisuke,Route 111,Trainer,Trainer,Route111_EventScript_Daisuke_Item,FALSE,,,,,,
sParty_Victor,Route 111,Trainer,Trainer,Route111_EventScript_Victor_Item,FALSE,,,,,,
sParty_Victoria,Route 111,Trainer,Trainer,Route111_WinstrateFamilysHouse_EventScript_Victoria_Item,FALSE,,,,,,
sParty_Vivi,Route 111,Trainer,Trainer,Route111_WinstrateFamilysHouse_EventScript_Vivi_Item,FALSE,,,,,,
sParty_Vicky,Route 111,Trainer,Trainer,Route111_WinstrateFamilysHouse_EventScript_Vicky_Item,FALSE,,,,,,
ITEM_NUGGET,Route 112,Normal Item,Item Ball,Route112_EventScript_ItemNugget,FALSE,,,,,,
sParty_Larry,Route 112,Trainer,Trainer,Route112_EventScript_Larry_Item,FALSE,,,,,,
sParty_Carol,Route 112,Trainer,Trainer,Route112_EventScript_Carol_Item,FALSE,,,,,,
sParty_Trent1,Route 112,Trainer,Trainer,Route112_EventScript_Trent_Item,FALSE,,,,,,
sParty_Brice,Route 112,Trainer,Trainer,Route112_EventScript_Brice_Item,FALSE,,,,,,
sParty_Bryant,Route 112,Trainer,Trainer,Route112_EventScript_Bryant_Item,FALSE,,,,,,
sParty_Shayla,Route 112,Trainer,Trainer,Route112_EventScript_Shayla_Item,FALSE,,,,,,
ITEM_ETHER,Route 113,Normal Item,Hidden Item,map.json,TRUE,,,,,,
ITEM_NUGGET,Route 113,Normal Item,Hidden Item,map.json,TRUE,,,,,,
ITEM_MAX_ETHER,Route 113,Normal Item,Item Ball,Route113_EventScript_ItemMaxEther,FALSE,,,,,,
ITEM_TM32,Route 113,TM,Hidden Item,map.json,TRUE,,,,,,
ITEM_SOOT_SACK,Route 113,Normal Item,NPC,Route113_GlassWorkshop_EventScript_GlassWorker_Item,FALSE,,,,,,
ITEM_HYPER_POTION,Route 113,Normal Item,Item Ball,Route113_EventScript_ItemHyperPotion,FALSE,,,,,,
ITEM_SUPER_REPEL,Route 113,Normal Item,Item Ball,Route113_EventScript_ItemSuperRepel,FALSE,,,,,,
sParty_Jaylen,Route 113,Trainer,Trainer,Route113_EventScript_Jaylen_Item,FALSE,,,,,,
sParty_Lawrence,Route 113,Trainer,Trainer,Route113_EventScript_Lawrence_Item,FALSE,,,,,,
sParty_Lung,Route 113,Trainer,Trainer,Route113_EventScript_Lung_Item,FALSE,,,,,,
sParty_Wyatt,Route 113,Trainer,Trainer,Route113_EventScript_Wyatt_Item,FALSE,,,,,,
sParty_Madeline1,Route 113,Trainer,Trainer,Route113_EventScript_Madeline_Item,FALSE,,,,,,
sParty_ToriAndTia,Route 113,Trainer,Trainer,Route113_EventScript_Tori_Item,FALSE,,,,,,
sParty_Lao1,Route 113,Trainer,Trainer,Route113_EventScript_Lao_Item,FALSE,,,,,,
sParty_Dillon,Route 113,Trainer,Trainer,Route113_EventScript_Dillon_Item,FALSE,,,,,,
sParty_Sophie,Route 113,Trainer,Trainer,Route113_EventScript_Sophie_Item,FALSE,,,,,,
sParty_Coby,Route 113,Trainer,Trainer,Route113_EventScript_Coby_Item,FALSE,,,,,,
ITEM_TM28,Route 114,TM,NPC,Route114_FossilManiacsHouse_EventScript_FossilManiacsBrother_Item,FALSE,,,,,,
ITEM_TM05,Route 114,TM,NPC,Route114_EventScript_RoarGentleman_Item,FALSE,,,,,,
ITEM_ENERGY_POWDER,Route 114,Normal Item,Item Ball,Route114_EventScript_ItemEnergyPowder,FALSE,,,,,,
ITEM_REVIVE,Route 114,Normal Item,Hidden Item,map.json,TRUE,,,,,,
ITEM_CARBOS,Route 114,Normal Item,Hidden Item,map.json,TRUE,,,,,,
ITEM_PROTEIN,Route 114,Normal Item,Item Ball,Route114_EventScript_ItemProtein,FALSE,,,,,,
DECOR_LOTAD_DOLL,Route 114,Normal Item,NPC,Route114_LanettesHouse_EventScript_Lanette_Item,FALSE,,,,,,
ITEM_RARE_CANDY,Route 114,Normal Item,Item Ball,Route114_EventScript_ItemRareCandy,FALSE,,,,,,
sParty_Nolan,Route 114,Trainer,Trainer,Route114_EventScript_Nolan_Item,FALSE,,,,,,
sParty_Charlotte,Route 114,Trainer,Trainer,Route114_EventScript_Charlotte_Item,FALSE,,,,,,
sParty_Kai,Route 114,Trainer,Trainer,Route114_EventScript_Kai_Item,FALSE,,,,,,
sParty_Claude,Route 114,Trainer,Trainer,Route114_EventScript_Claude_Item,FALSE,,,,,,
sParty_Nancy,Route 114,Trainer,Trainer,Route114_EventScript_Nancy_Item,FALSE,,,,,,
sParty_TyraAndIvy,Route 114,Trainer,Trainer,Route114_EventScript_Tyra_Item,FALSE,,,,,,
sParty_Shane,Route 114,Trainer,Trainer,Route114_EventScript_Shane_Item,FALSE,,,,,,
sParty_Steve1,Route 114,Trainer,Trainer,Route114_EventScript_Steve_Item,FALSE,,,,,,
sParty_Bernie1,Route 114,Trainer,Trainer,Route114_EventScript_Bernie_Item,FALSE,,,,,,
sParty_Lucas1,Route 114,Trainer,Trainer,Route114_EventScript_Lucas_Item,FALSE,,,,,,
sParty_Angelina,Route 114,Trainer,Trainer,Route114_EventScript_Angelina_Item,FALSE,,,,,,
sParty_Lenny,Route 114,Trainer,Trainer,Route114_EventScript_Lenny_Item,FALSE,,,,,,
ITEM_SUPER_POTION,Route 115,Normal Item,Item Ball,Route115_EventScript_ItemSuperPotion,FALSE,,,,,,
ITEM_HEART_SCALE,Route 115,Normal Item,Hidden Item,map.json,TRUE,,,,,,
ITEM_GREAT_BALL,Route 115,Normal Item,Item Ball,Route115_EventScript_ItemGreatBall,FALSE,,,,,,
ITEM_PP_UP,Route 115,Normal Item,Item Ball,Route115_EventScript_ItemPPUp,FALSE,,,,,,
ITEM_TM01,Route 115,TM,Item Ball,Route115_EventScript_ItemTM01,FALSE,,,,,,
ITEM_HEAL_POWDER,Route 115,Normal Item,Item Ball,Route115_EventScript_ItemHealPowder,FALSE,,,,,,
ITEM_IRON,Route 115,Normal Item,Item Ball,Route115_EventScript_ItemIron,FALSE,,,,,,
sParty_Nob1,Route 115,Trainer,Trainer,Route115_EventScript_Nob_Item,FALSE,,,,,,
sParty_Hector,Route 115,Trainer,Trainer,Route115_EventScript_Hector_Item,FALSE,,,,,,
sParty_Marlene,Route 115,Trainer,Trainer,Route115_EventScript_Marlene_Item,FALSE,,,,,,
sParty_Cyndy1,Route 115,Trainer,Trainer,Route115_EventScript_Cyndy_Item,FALSE,,,,,,
sParty_Jaiden,Route 115,Trainer,Trainer,Route115_EventScript_Jaiden_Item,FALSE,ITEM_HM03,,,,,
sParty_Timothy1,Route 115,Trainer,Trainer,Route115_EventScript_Timothy_Item,FALSE,ITEM_HM03,,,,,
sParty_Kyra,Route 115,Trainer,Trainer,Route115_EventScript_Kyra_Item,FALSE,ITEM_HM03,,,,,
sParty_Koichi,Route 115,Trainer,Trainer,Route115_EventScript_Koichi_Item,FALSE,ITEM_HM03,,,,,
sParty_Helene,Route 115,Trainer,Trainer,Route115_EventScript_Helene_Item,FALSE,ITEM_HM03,,,,,
sParty_Alix,Route 115,Trainer,Trainer,Route115_EventScript_Alix_Item,FALSE,ITEM_HM03,,,,,
ITEM_REPEL,Route 116,Normal Item,Item Ball,Route116_EventScript_ItemRepel,FALSE,,,,,,
ITEM_X_SP_ATK,Route 116,Normal Item,Item Ball,Route116_EventScript_ItemXSpecial,FALSE,,,,,,
ITEM_SUPER_POTION,Route 116,Normal Item,Hidden Item,map.json,FALSE,,,,,,
ITEM_ETHER,Route 116,Normal Item,Item Ball,Route116_EventScript_ItemEther,FALSE,,,,,,
ITEM_POTION,Route 116,Normal Item,Item Ball,Route116_EventScript_ItemPotion,FALSE,,,,,,
ITEM_REPEAT_BALL,Route 116,Normal Item,Item Ball,Route116_EventScript_GiveRepeatBall_Item,FALSE,,,,,,
ITEM_BLACK_GLASSES,Route 116,Normal Item,Hidden Item,map.json,FALSE,,,,,,
ITEM_HP_UP,Route 116,Normal Item,Item Ball,Route116_EventScript_ItemHPUp,FALSE,,,,,,
sParty_Jose,Route 116,Trainer,Trainer,Route116_EventScript_Jose_Item,FALSE,,,,,,
sParty_Joey,Route 116,Trainer,Trainer,Route116_EventScript_Joey_Item,FALSE,,,,,,
sParty_Karen1,Route 116,Trainer,Trainer,Route116_EventScript_Karen_Item,FALSE,,,,,,
sParty_Clark,Route 116,Trainer,Trainer,Route116_EventScript_Clark_Item,FALSE,,,,,,
sParty_Johnson,Route 116,Trainer,Trainer,Route116_EventScript_Johnson_Item,FALSE,,,,,,
sParty_Devan,Route 116,Trainer,Trainer,Route116_EventScript_Devan_Item,FALSE,,,,,,
sParty_Sarah,Route 116,Trainer,Trainer,Route116_EventScript_Sarah_Item,FALSE,ITEM_HM01,,,,,
sParty_Dawson,Route 116,Trainer,Trainer,Route116_EventScript_Dawson_Item,FALSE,ITEM_HM01,,,,,
sParty_Jerry1,Route 116,Trainer,Trainer,Route116_EventScript_Jerry_Item,FALSE,ITEM_HM01,,,,,
sParty_Janice,Route 116,Trainer,Trainer,Route116_EventScript_Janice_Item,FALSE,ITEM_HM01,,,,,
ITEM_REVIVE,Route 117,Normal Item,Hidden Item,Route117_EventScript_ItemRevive,FALSE,ITEM_HM01,,,,,
ITEM_GREAT_BALL,Route 117,Normal Item,Item Ball,Route117_EventScript_ItemGreatBall,FALSE,,,,,,
ITEM_REPEL,Route 117,Normal Item,Item Ball,map.json,TRUE,,,,,,
sParty_Dylan1,Route 117,Trainer,Trainer,Route117_EventScript_Dylan_Item,FALSE,,,,,,
sParty_AnnaAndMeg1,Route 117,Trainer,Trainer,Route117_EventScript_Anna_Item,FALSE,,,,,,
sParty_Isaac1,Route 117,Trainer,Trainer,Route117_EventScript_Isaac_Item,FALSE,,,,,,
sParty_Maria1,Route 117,Trainer,Trainer,Route117_EventScript_Maria_Item,FALSE,,,,,,
sParty_Derek,Route 117,Trainer,Trainer,Route117_EventScript_Derek_Item,FALSE,,,,,,
sParty_Brandi,Route 117,Trainer,Trainer,Route117_EventScript_Brandi_Item,FALSE,,,,,,
sParty_Melina,Route 117,Trainer,Trainer,Route117_EventScript_Melina_Item,FALSE,,,,,,
sParty_Aisha,Route 117,Trainer,Trainer,Route117_EventScript_Aisha_Item,FALSE,,,,,,
sParty_Lydia1,Route 117,Trainer,Trainer,Route117_EventScript_Lydia_Item,FALSE,,,,,,
ITEM_HEART_SCALE,Route 118,Normal Item,Hidden Item,map.json,TRUE,,,,,,
ITEM_IRON,Route 118,Normal Item,Hidden Item,map.json,TRUE,,,,,,
ITEM_GOOD_ROD,Route 118,Normal Item,NPC,Route118_EventScript_ReceiveGoodRod_Item,FALSE,,,,,,
ITEM_HYPER_POTION,Route 118,Normal Item,Item Ball,Route118_EventScript_ItemHyperPotion,FALSE,,,,,,
sParty_Rose1,Route 118,Trainer,Trainer,Route118_EventScript_Rose_Item,FALSE,,,,,,
sParty_Deandre,Route 118,Trainer,Trainer,Route118_EventScript_Deandre_Item,FALSE,,,,,,
sParty_Wade,Route 118,Trainer,Trainer,Route118_EventScript_Wade_Item,FALSE,,,,,,
sParty_Dalton1,Route 118,Trainer,Trainer,Route118_EventScript_Dalton_Item,FALSE,,,,,,
Gabby and Ty,Route 118,Trainer,Trainer,,FALSE,,,,,,
sParty_Barny,Route 118,Trainer,Trainer,Route118_EventScript_Barny_Item,FALSE,,,,,,
sParty_Chester,Route 118,Trainer,Trainer,Route118_EventScript_Chester_Item,FALSE,,,,,,
sParty_Perry,Route 118,Trainer,Trainer,Route118_EventScript_Perry_Item,FALSE,,,,,,
ITEM_ELIXIR,Route 119,Normal Item,Item Ball,Route119_EventScript_ItemElixir,FALSE,,,,,,
ITEM_ELIXIR,Route 119,Normal Item,Item Ball,Route119_EventScript_ItemElixir2,FALSE,,,,,,
ITEM_FULL_HEAL,Route 119,Normal Item,Hidden Item,map.json,TRUE,,,,,,
ITEM_MAX_ETHER,Route 119,Normal Item,Hidden Item,map.json,TRUE,ITEM_HM03,,,,,
ITEM_ULTRA_BALL,Route 119,Normal Item,Hidden Item,map.json,TRUE,,,,,,
ITEM_LEAF_STONE,Route 119,Normal Item,Item Ball,Route119_EventScript_ItemLeafStone,FALSE,ITEM_HM03,,,,,
ITEM_HM02,Route 119,HM,NPC,Route119_EventScript_GiveFlyHM_Item,FALSE,,,,,,
ITEM_SUPER_REPEL,Route 119,Normal Item,Item Ball,Route119_EventScript_ItemSuperRepel,FALSE,,,,,,
ITEM_HYPER_POTION,Route 119,Normal Item,Item Ball,Route119_EventScript_ItemHyperPotion,FALSE,,,,,,
ITEM_HYPER_POTION,Route 119,Normal Item,Item Ball,Route119_EventScript_ItemHyperPotion2,FALSE,,,,,,
ITEM_ZINC,Route 119,Normal Item,Item Ball,Route119_EventScript_ItemZinc,FALSE,,,,,,
ITEM_CALCIUM,Route 119,Normal Item,Hidden Item,map.json,TRUE,ITEM_ACRO_BIKE,,,,,
ITEM_RARE_CANDY,Route 119,Normal Item,Item Ball,Route119_EventScript_ItemRareCandy,FALSE,,,,,,
ITEM_NUGGET,Route 119,Normal Item,Item Ball,Route119_EventScript_ItemNugget,FALSE,ITEM_ACRO_BIKE,ITEM_HM03,ITEM_HM07,,,
sParty_Kent,Route 119,Trainer,Trainer,Route119_EventScript_Kent_Item,FALSE,,,,,,
sParty_Donald,Route 119,Trainer,Trainer,Route119_EventScript_Donald_Item,FALSE,,,,,,
sParty_Greg,Route 119,Trainer,Trainer,Route119_EventScript_Greg_Item,FALSE,,,,,,
sParty_Taylor,Route 119,Trainer,Trainer,Route119_EventScript_Taylor_Item,FALSE,,,,,,
sParty_Doug,Route 119,Trainer,Trainer,Route119_EventScript_Doug_Item,FALSE,,,,,,
sParty_Brent,Route 119,Trainer,Trainer,Route119_EventScript_Brent_Item,FALSE,,,,,,
sParty_Chris,Route 119,Trainer,Trainer,Route119_EventScript_Chris_Item,FALSE,,,,,,
sParty_Catherine1,Route 119,Trainer,Trainer,Route119_EventScript_Catherine_Item,FALSE,,,,,,
sParty_Jackson1,Route 119,Trainer,Trainer,Route119_EventScript_Jackson_Item,FALSE,,,,,,
sParty_Rachel,Route 119,Trainer,Trainer,Route119_EventScript_Rachel_Item,FALSE,,,,,,
sParty_Phil,Route 119,Trainer,Trainer,Route119_EventScript_Phil_Item,FALSE,,,,,,
sParty_Takashi,Route 119,Trainer,Trainer,Route119_EventScript_Takashi_Item,FALSE,,,,,,
sParty_Dayton,Route 119,Trainer,Trainer,Route119_EventScript_Dayton_Item,FALSE,,,,,,
sParty_Hugh,Route 119,Trainer,Trainer,Route119_EventScript_Hugh_Item,FALSE,,,,,,
sParty_Fabian,Route 119,Trainer,Trainer,Route119_EventScript_Fabian_Item,FALSE,,,,,,
sParty_Yasu,Route 119,Trainer,Trainer,Route119_EventScript_Yasu_Item,FALSE,,,,,,
sParty_Hideo,Route 119,Trainer,Trainer,Route119_EventScript_Hideo_Item,FALSE,,,,,,
sParty_BrendanRoute119Mudkip,Route 119,Trainer,Trainer,Route119_EventScript_RivalExitScottArrive_Item,FALSE,,,,,,
"SPECIES_CASTFORM, 25",Weather Institute,Pokemon,NPC,Route119_WeatherInstitute_2F_EventScript_ReceiveCastform_Item,FALSE,,,,,,
sParty_GruntWeatherInst1,Weather Institute,Trainer,Trainer,Route119_WeatherInstitute_1F_EventScript_Grunt1_Item,FALSE,,,,,,
sParty_GruntWeatherInst2,Weather Institute,Trainer,Trainer,Route119_WeatherInstitute_2F_EventScript_Grunt2_Item,FALSE,,,,,,
sParty_GruntWeatherInst3,Weather Institute,Trainer,Trainer,Route119_WeatherInstitute_2F_EventScript_Grunt3_Item,FALSE,,,,,,
sParty_GruntWeatherInst4,Weather Institute,Trainer,Trainer,Route119_WeatherInstitute_1F_EventScript_Grunt4_Item,FALSE,,,,,,
sParty_GruntWeatherInst5,Weather Institute,Trainer,Trainer,Route119_WeatherInstitute_2F_EventScript_Grunt5_Item,FALSE,,,,,,
sParty_ShellyWeatherInstitute,Weather Institute,Trainer,Trainer,Route119_WeatherInstitute_2F_EventScript_Shelly_Item,FALSE,,,,,,
ITEM_RARE_CANDY,Route 120,Normal Item,Item Ball,map.json,TRUE,,,,,,
ITEM_RARE_CANDY,Route 120,Normal Item,Item Ball,map.json,TRUE,,,,,,
ITEM_DEVON_SCOPE,Route 120,Normal Item,NPC,Route120_EventScript_StevenGiveDeconScope_ITEM,FALSE,,,,,,
ITEM_NEST_BALL,Route 120,Normal Item,Item Ball,Route120_EventScript_ItemNestBall,FALSE,ITEM_DEVON_SCOPE,,,,,
ITEM_REVIVE,Route 120,Normal Item,Item Ball,Route120_EventScript_ItemRevive,FALSE,,,,,,
ITEM_ZINC,Route 120,Normal Item,Item Ball,map.json,TRUE,,,,,,
ITEM_NUGGET,Route 120,Normal Item,Item Ball,Route120_EventScript_ItemNugget,FALSE,,,,,,
ITEM_FULL_HEAL,Route 120,Normal Item,Item Ball,Route120_EventScript_ItemFullHeal,FALSE,,,,,,
ITEM_HYPER_POTION,Route 120,Normal Item,Item Ball,Route120_EventScript_ItemHyperPotion,FALSE,,,,,,
sParty_Clarissa,Route 120,Trainer,Trainer,Route120_EventScript_Clarissa_Item,FALSE,,,,,,
Gabby and Ty,Route 120,Trainer,Trainer,,FALSE,,,,,,
sParty_Robert1,Route 120,Trainer,Trainer,Route120_EventScript_Robert_Item,FALSE,,,,,,
sParty_Colin,Route 120,Trainer,Trainer,Route120_EventScript_Colin_Item,FALSE,,,,,,
sParty_Leonel,Route 120,Trainer,Trainer,Route120_EventScript_Leonel_Item,FALSE,,,,,,
sParty_Angelica,Route 120,Trainer,Trainer,Route120_EventScript_Angelica_Item,FALSE,,,,,,
sParty_Riley,Route 120,Trainer,Trainer,Route120_EventScript_Riley_Item,FALSE,,,,,,
sParty_Callie,Route 120,Trainer,Trainer,Route120_EventScript_Callie_Item,FALSE,,,,,,
sParty_Jennifer,Route 120,Trainer,Trainer,Route120_EventScript_Jennifer_Item,FALSE,,,,,,
sParty_Jenna,Route 120,Trainer,Trainer,Route120_EventScript_Jenna_Item,FALSE,,,,,,
sParty_Lorenzo,Route 120,Trainer,Trainer,Route120_EventScript_Lorenzo_Item,FALSE,,,,,,
sParty_Jeffrey1,Route 120,Trainer,Trainer,Route120_EventScript_Jeffrey_Item,FALSE,,,,,,
sParty_Keigo,Route 120,Trainer,Trainer,Route120_EventScript_Keigo_Item,FALSE,,,,,,
sParty_Chip,Route 120,Trainer,Trainer,Route120_EventScript_Chip_Item,FALSE,,,,,,
ITEM_HP_UP,Route 121,Normal Item,Item Ball,map.json,TRUE,,,,,,
ITEM_ZINC,Route 121,Normal Item,Item Ball,Route121_EventScript_ItemZinc,FALSE,ITEM_HM01,,,,,
ITEM_REVIVE,Route 121,Normal Item,Item Ball,Route121_EventScript_ItemRevive,FALSE,,,,,,
ITEM_CARBOS,Route 121,Normal Item,Item Ball,Route121_EventScript_ItemCarbos,FALSE,,,,,,
ITEM_NUGGET,Route 121,Normal Item,Item Ball,map.json,TRUE,ITEM_HM01,,,,,
ITEM_FULL_HEAL,Route 121,Normal Item,Item Ball,map.json,TRUE,,,,,,
ITEM_MAX_REVIVE,Route 121,Normal Item,Item Ball,map.json,TRUE,,,,,,
sParty_Cale,Route 121,Trainer,Trainer,Route121_EventScript_Cale_Item,FALSE,,,,,,
sParty_Tammy,Route 121,Trainer,Trainer,Route121_EventScript_Tammy_Item,FALSE,,,,,,
sParty_Jessica1,Route 121,Trainer,Trainer,Route121_EventScript_Jessica_Item,FALSE,,,,,,
sParty_KateAndJoy,Route 121,Trainer,Trainer,Route121_EventScript_Kate_Item,FALSE,,,,,,
sParty_Pat,Route 121,Trainer,Trainer,Route121_EventScript_Pat_Item,FALSE,,,,,,
sParty_Myles,Route 121,Trainer,Trainer,Route121_EventScript_Myles_Item,FALSE,,,,,,
sParty_Walter1,Route 121,Trainer,Trainer,Route121_EventScript_Walter_Item,FALSE,,,,,,
sParty_Vanessa,Route 121,Trainer,Trainer,Route121_EventScript_Vanessa_Item,FALSE,,,,,,
sParty_Marcel,Route 121,Trainer,Trainer,Route121_EventScript_Marcel_Item,FALSE,,,,,,
sParty_Cristin1,Route 121,Trainer,Trainer,Route121_EventScript_Cristin_Item,FALSE,,,,,,
ITEM_MAX_REVIVE,Safari Zone,Normal Item,Item Ball,SafariZone_Southwest_EventScript_ItemMaxRevive,FALSE,ITEM_HM03,ITEM_ACRO_BIKE,,,,
ITEM_TM22,Safari Zone,Normal Item,Item Ball,SafariZone_Northwest_EventScript_ItemTM22,FALSE,ITEM_HM03,ITEM_MACH_BIKE,,,,
ITEM_CALCIUM,Safari Zone,Normal Item,Item Ball,SafariZone_North_EventScript_ItemCalcium,FALSE,ITEM_ACRO_BIKE,,,,,
ITEM_PP_UP,Safari Zone,Normal Item,Hide,map.json,TRUE,,,,,,
ITEM_FULL_RESTORE,Safari Zone,Normal Item,Hidden Item,map.json,TRUE,,,,,,
ITEM_BIG_PEARL,Safari Zone,Normal Item,Item Ball,SafariZone_Southeast_EventScript_ItemBigPearl,FALSE,ITEM_HM03,,,,,
ITEM_RARE_CANDY,Safari Zone,Normal Item,Item Ball,map.json,TRUE,,,,,,
ITEM_ZINC,Safari Zone,Normal Item,Item Ball,map.json,TRUE,,,,,,
ITEM_NUGGET,Safari Zone,Normal Item,Item Ball,SafariZone_Northeast_EventScript_ItemNugget,FALSE,,,,,,
ITEM_PP_UP,Route 123,Normal Item,Hidden Item,map.json,TRUE,ITEM_HM01,,,,,
ITEM_RARE_CANDY,Route 123,Normal Item,Hidden Item,map.json,TRUE,ITEM_HM01,,,,,
ITEM_TM19,Route 123,Normal Item,NPC,Route123_EventScript_GigaDrainGirl_Item,FALSE,,,,,,
ITEM_HYPER_POTION,Route 123,Normal Item,Hidden Item,map.json,TRUE,,,,,,
ITEM_ELIXIR,Route 123,Normal Item,Item Ball,Route123_EventScript_ItemElixir,FALSE,,,,,,
ITEM_SUPER_REPEL,Route 123,Normal Item,Hidden Item,map.json,TRUE,,,,,,
ITEM_REVIVAL_HERB,Route 123,Normal Item,Item Ball,Route123_EventScript_ItemRevivalHerb,FALSE,,,,,,
ITEM_PP_UP,Route 123,Normal Item,Item Ball,Route123_EventScript_ItemPPUp,FALSE,,,,,,
ITEM_CALCIUM,Route 123,Normal Item,Item Ball,Route123_EventScript_ItemCalcium,FALSE,,,,,,
ITEM_ULTRA_BALL,Route 123,Normal Item,Item Ball,Route123_EventScript_ItemUltraBall,FALSE,,,,,,
ITEM_REVIVE,Route 123,Normal Item,Hidden Item,map.json,TRUE,,,,,,
sParty_Davis,Route 123,Trainer,Trainer,Route123_EventScript_Davis_Item,FALSE,,,,,,
sParty_Jazmyn,Route 123,Trainer,Trainer,Route123_EventScript_Jazmyn_Item,FALSE,,,,,,
sParty_Violet,Route 123,Trainer,Trainer,Route123_EventScript_Violet_Item,FALSE,,,,,,
sParty_MiuAndYuki,Route 123,Trainer,Trainer,Route123_EventScript_Miu_Item,FALSE,,,,,,
sParty_Kindra,Route 123,Trainer,Trainer,Route123_EventScript_Kindra_Item,FALSE,,,,,,
sParty_Ed,Route 123,Trainer,Trainer,Route123_EventScript_Ed_Item,FALSE,,,,,,
sParty_Wendy,Route 123,Trainer,Trainer,Route123_EventScript_Wendy_Item,FALSE,,,,,,
sParty_Braxton,Route 123,Trainer,Trainer,Route123_EventScript_Braxton_Item,FALSE,,,,,,
sParty_Fernando1,Route 123,Trainer,Trainer,Route123_EventScript_Fernando_Item,FALSE,,,,,,
sParty_Alberto,Route 123,Trainer,Trainer,Route123_EventScript_Alberto_Item,FALSE,,,,,,
sParty_Jacki1,Route 123,Trainer,Trainer,Route123_EventScript_Jacki_Item,FALSE,,,,,,
sParty_Fredrick,Route 123,Trainer,Trainer,Route123_EventScript_Frederick_Item,FALSE,,,,,,
ITEM_BLUE_SHARD,Route 124,Normal Item,Item Ball,Route124_EventScript_ItemBlueShard,FALSE,ITEM_HM08,,,,,
ITEM_YELLOW_SHARD,Route 124,Normal Item,Item Ball,Route124_EventScript_ItemYellowShard,FALSE,ITEM_HM08,,,,,
ITEM_RED_SHARD,Route 124,Normal Item,Item Ball,Route124_EventScript_ItemRedShard,FALSE,ITEM_HM08,,,,,
ITEM_CARBOS,Route 124,Normal Item,Hidden Item,map.json,TRUE,ITEM_HM08,,,,,
ITEM_CALCIUM,Route 124,Normal Item,Hidden Item,map.json,TRUE,ITEM_HM08,,,,,
ITEM_HEART_SCALE,Route 124,Normal Item,Hidden Item,map.json,TRUE,ITEM_HM08,,,,,
ITEM_HEART_SCALE,Route 124,Normal Item,Hidden Item,map.json,TRUE,ITEM_HM08,,,,,
ITEM_PEARL,Route 124,Normal Item,Hidden Item,map.json,TRUE,ITEM_HM08,,,,,
ITEM_BIG_PEARL,Route 124,Normal Item,Hidden Item,map.json,TRUE,ITEM_HM08,,,,,
ITEM_GREEN_SHARD,Route 124,Normal Item,Hidden Item,map.json,TRUE,ITEM_HM08,,,,,
sParty_Grace,Route 124,Trainer,Trainer,Route124_EventScript_Grace_Item,FALSE,ITEM_HM08,,,,,
sParty_Declan,Route 124,Trainer,Trainer,Route124_EventScript_Declan_Item,FALSE,ITEM_HM08,,,,,
sParty_LilaAndRoy1,Route 124,Trainer,Trainer,Route124_EventScript_Lila_Item,FALSE,ITEM_HM08,,,,,
sParty_Spencer,Route 124,Trainer,Trainer,Route124_EventScript_Spencer_Item,FALSE,ITEM_HM08,,,,,
sParty_Jenny1,Route 124,Trainer,Trainer,Route124_EventScript_Jenny_Item,FALSE,ITEM_HM08,,,,,
sParty_Chad,Route 124,Trainer,Trainer,Route124_EventScript_Chad_Item,FALSE,ITEM_HM08,,,,,
sParty_Isabella,Route 124,Trainer,Trainer,Route124_EventScript_Isabella_Item,FALSE,ITEM_HM08,,,,,
sParty_Roland,Route 124,Trainer,Trainer,Route124_EventScript_Roland_Item,FALSE,ITEM_HM08,,,,,
ITEM_BIG_PEARL,Route 125,Normal Item,Item Ball,Route125_EventScript_ItemBigPearl,FALSE,ITEM_HM03,,,,,
sParty_Ernest1,Route 125,Trainer,Trainer,Route125_EventScript_Ernest_Item,FALSE,,,,,,
sParty_Nolen,Route 125,Trainer,Trainer,Route125_EventScript_Nolen_Item,FALSE,,,,,,
sParty_Sharon,Route 125,Trainer,Trainer,Route125_EventScript_Sharon_Item,FALSE,,,,,,
sParty_Tanya,Route 125,Trainer,Trainer,Route125_EventScript_Tanya_Item,FALSE,,,,,,
sParty_Presley,Route 125,Trainer,Trainer,Route125_EventScript_Presley_Item,FALSE,,,,,,
sParty_Auron,Route 125,Trainer,Trainer,Route125_EventScript_Auron_Item,FALSE,,,,,,
sParty_Stan,Route 125,Trainer,Trainer,Route125_EventScript_Stan_Item,FALSE,,,,,,
sParty_KimAndIris,Route 125,Trainer,Trainer,Route125_EventScript_Kim_Item,FALSE,,,,,,
ITEM_GREEN_SHARD,Route 126,Normal Item,Item Ball,Route126_EventScript_ItemGreenShard,FALSE,ITEM_HM03,ITEM_HM08,,,,
ITEM_ULTRA_BALL,Route 126,Normal Item,Hidden Item,map.json,TRUE,ITEM_HM03,ITEM_HM08,,,,
ITEM_HEART_SCALE,Route 126,Normal Item,Hidden Item,map.json,TRUE,ITEM_HM03,ITEM_HM08,,,,
ITEM_STARDUST,Route 126,Normal Item,Hidden Item,map.json,TRUE,ITEM_HM03,ITEM_HM08,,,,
ITEM_YELLOW_SHARD,Route 126,Normal Item,Hidden Item,map.json,TRUE,ITEM_HM03,ITEM_HM08,,,,
ITEM_PEARL,Route 126,Normal Item,Hidden Item,map.json,TRUE,ITEM_HM03,ITEM_HM08,,,,
ITEM_IRON,Route 126,Normal Item,Hidden Item,map.json,TRUE,ITEM_HM03,ITEM_HM08,,,,
ITEM_BIG_PEARL,Route 126,Normal Item,Hidden Item,map.json,TRUE,ITEM_HM03,ITEM_HM08,,,,
ITEM_BLUE_SHARD,Route 126,Normal Item,Hidden Item,map.json,TRUE,ITEM_HM03,ITEM_HM08,,,,
sParty_Leonardo,Route 126,Trainer,Trainer,Route126_EventScript_Leonardo_Item,FALSE,,,,,,
sParty_Isobel,Route 126,Trainer,Trainer,Route126_EventScript_Isobel_Item,FALSE,,,,,,
sParty_Dean,Route 126,Trainer,Trainer,Route126_EventScript_Dean_Item,FALSE,,,,,,
sParty_Nikki,Route 126,Trainer,Trainer,Route126_EventScript_Nikki_Item,FALSE,,,,,,
sParty_Barry,Route 126,Trainer,Trainer,Route126_EventScript_Barry_Item,FALSE,,,,,,
sParty_Sienna,Route 126,Trainer,Trainer,Route126_EventScript_Sienna_Item,FALSE,,,,,,
sParty_Pablo1,Route 126,Trainer,Trainer,Route126_EventScript_Pablo_Item,FALSE,,,,,,
sParty_Brenda,Route 126,Trainer,Trainer,Route126_EventScript_Brenda_Item,FALSE,ITEM_HM03,ITEM_HM08,,,,
ITEM_ZINC,Route 127,Normal Item,Item Ball,Route127_EventScript_ItemZinc,FALSE,,,,,,
ITEM_RARE_CANDY,Route 127,Normal Item,Item Ball,Route127_EventScript_ItemRareCandy,FALSE,,,,,,
ITEM_CARBOS,Route 127,Normal Item,Hidden Item,Route127_EventScript_ItemCarbos,FALSE,,,,,,
ITEM_STAR_PIECE,Route 127,Normal Item,Hidden Item,map.json,TRUE,ITEM_HM08,,,,,
ITEM_HEART_SCALE,Route 127,Normal Item,Hidden Item,map.json,TRUE,ITEM_HM08,,,,,
ITEM_HP_UP,Route 127,Normal Item,Hidden Item,map.json,TRUE,ITEM_HM08,,,,,
ITEM_HEART_SCALE,Route 128,Normal Item,Hidden Item,map.json,TRUE,,,,,,
ITEM_HEART_SCALE,Route 128,Normal Item,Hidden Item,map.json,TRUE,,,,,,
ITEM_HEART_SCALE,Route 128,Normal Item,Hidden Item,map.json,TRUE,,,,,,
ITEM_PROTEIN,Route 128,Normal Item,Hidden Item,map.json,TRUE,,,,,,
ITEM_PEARL,Route 128,Normal Item,Hidden Item,map.json,TRUE,,,,,,
sParty_Ruben,Route 128,Trainer,Trainer,Route128_EventScript_Ruben_Item,FALSE,,,,,,
sParty_Alexa,Route 128,Trainer,Trainer,Route128_EventScript_Alexa_Item,FALSE,,,,,,
sParty_Wayne,Route 128,Trainer,Trainer,Route128_EventScript_Wayne_Item,FALSE,,,,,,
sParty_Isaiah1,Route 128,Trainer,Trainer,Route128_EventScript_Isaiah_Item,FALSE,,,,,,
sParty_Katelyn1,Route 128,Trainer,Trainer,Route128_EventScript_Katelyn_Item,FALSE,,,,,,
sParty_Carlee,Route 128,Trainer,Trainer,Route128_EventScript_Carlee_Item,FALSE,,,,,,
sParty_Harrison,Route 128,Trainer,Trainer,Route128_EventScript_Harrison_Item,FALSE,,,,,,
sParty_Reed,Route 129,Trainer,Trainer,Route129_EventScript_Reed_Item,FALSE,,,,,,
sParty_Chase,Route 129,Trainer,Trainer,Route129_EventScript_Chase_Item,FALSE,,,,,,
sParty_Allison,Route 129,Trainer,Trainer,Route129_EventScript_Allison_Item,FALSE,,,,,,
sParty_Clarence,Route 129,Trainer,Trainer,Route129_EventScript_Clarence_Item,FALSE,,,,,,
sParty_Tisha,Route 129,Trainer,Trainer,Route129_EventScript_Tisha_Item,FALSE,,,,,,
sParty_Rodney,Route 130,Trainer,Trainer,Route130_EventScript_Rodney_Item,FALSE,,,,,,
sParty_Katie,Route 130,Trainer,Trainer,Route130_EventScript_Katie_Item,FALSE,,,,,,
sParty_Santiago,Route 130,Trainer,Trainer,Route130_EventScript_Santiago_Item,FALSE,,,,,,
sParty_Kevin,Route 131,Trainer,Trainer,Route131_EventScript_Kevin_Item,FALSE,,,,,,
sParty_Talia,Route 131,Trainer,Trainer,Route131_EventScript_Talia_Item,FALSE,,,,,,
sParty_Richard,Route 131,Trainer,Trainer,Route131_EventScript_Richard_Item,FALSE,,,,,,
sParty_Kara,Route 131,Trainer,Trainer,Route131_EventScript_Kara_Item,FALSE,,,,,,
sParty_Herman,Route 131,Trainer,Trainer,Route131_EventScript_Herman_Item,FALSE,,,,,,
sParty_Susie,Route 131,Trainer,Trainer,Route131_EventScript_Susie_Item,FALSE,,,,,,
sParty_ReliAndIan,Route 131,Trainer,Trainer,Route131_EventScript_Reli_Item,FALSE,,,,,,
ITEM_RARE_CANDY,Route 132,Normal Item,Item Ball,Route132_EventScript_ItemRareCandy,FALSE,,,,,,
ITEM_PROTEIN,Route 132,Normal Item,Item Ball,Route132_EventScript_ItemProtein,FALSE,,,,,,
sParty_Gilbert,Route 132,Trainer,Trainer,Route132_EventScript_Gilbert_Item,FALSE,,,,,,
sParty_Dana,Route 132,Trainer,Trainer,Route132_EventScript_Dana_Item,FALSE,,,,,,
sParty_Ronald,Route 132,Trainer,Trainer,Route132_EventScript_Ronald_Item,FALSE,,,,,,
sParty_Kiyo,Route 132,Trainer,Trainer,Route132_EventScript_Kiyo_Item,FALSE,,,,,,
sParty_Paxton,Route 132,Trainer,Trainer,Route132_EventScript_Paxton_Item,FALSE,,,,,,
sParty_Darcy,Route 132,Trainer,Trainer,Route132_EventScript_Darcy_Item,FALSE,,,,,,
sParty_Makayla,Route 132,Trainer,Trainer,Route132_EventScript_Makayla_Item,FALSE,,,,,,
sParty_Jonathan,Route 132,Trainer,Trainer,Route132_EventScript_Jonathan_Item,FALSE,,,,,,
ITEM_BIG_PEARL,Route 133,Normal Item,Item Ball,Route133_EventScript_ItemBigPearl,FALSE,,,,,,
ITEM_MAX_REVIVE,Route 133,Normal Item,Item Ball,Route133_EventScript_ItemMaxRevive,FALSE,,,,,,
ITEM_STAR_PIECE,Route 133,Normal Item,Item Ball,Route133_EventScript_ItemStarPiece,FALSE,ITEM_HM03,,,,,
sParty_Franklin,Route 133,Trainer,Trainer,Route133_EventScript_Franklin_Item,FALSE,,,,,,
sParty_Warren,Route 133,Trainer,Trainer,Route133_EventScript_Warren_Item,FALSE,,,,,,
sParty_Beck,Route 133,Trainer,Trainer,Route133_EventScript_Beck_Item,FALSE,,,,,,
sParty_Debra,Route 133,Trainer,Trainer,Route133_EventScript_Debra_Item,FALSE,,,,,,
sParty_Linda,Route 133,Trainer,Trainer,Route133_EventScript_Linda_Item,FALSE,,,,,,
sParty_Conor,Route 133,Trainer,Trainer,Route133_EventScript_Conor_Item,FALSE,,,,,,
sParty_Mollie,Route 133,Trainer,Trainer,Route133_EventScript_Mollie_Item,FALSE,,,,,,
ITEM_CARBOS,Route 134,Normal Item,Item Ball,Route134_EventScript_ItemCarbos,FALSE,ITEM_HM03,,,,,
ITEM_STAR_PIECE,Route 134,Normal Item,Item Ball,Route134_EventScript_ItemStarPiece,FALSE,ITEM_HM03,,,,,
sParty_Laurel,Route 134,Trainer,Trainer,Route134_EventScript_Laurel_Item,FALSE,,,,,,
sParty_Jack,Route 134,Trainer,Trainer,Route134_EventScript_Jack_Item,FALSE,,,,,,
sParty_Hitoshi,Route 134,Trainer,Trainer,Route134_EventScript_Hitoshi_Item,FALSE,,,,,,
sParty_Reyna,Route 134,Trainer,Trainer,Route134_EventScript_Reyna_Item,FALSE,,,,,,
sParty_Hudson,Route 134,Trainer,Trainer,Route134_EventScript_Hudson_Item,FALSE,,,,,,
sParty_Aaron,Route 134,Trainer,Trainer,Route134_EventScript_Aaron_Item,FALSE,,,,,,
sParty_Marley,Route 134,Trainer,Trainer,Route134_EventScript_Marley_Item,FALSE,,,,,,
sParty_Alex,Route 134,Trainer,Trainer,Route134_EventScript_Alex_Item,FALSE,,,,,,
sParty_Kelvin,Route 134,Trainer,Trainer,Route134_EventScript_Kelvin_Item,FALSE,,,,,,
ITEM_X_DEFENSE,Rustboro City,Normal Item,Item Ball,RustboroCity_EventScript_ItemXDefend,FALSE,,,,,,
ITEM_PREMIER_BALL,Rustboro City,Normal Item,NPC,RustboroCity_Flat2_2F_EventScript_NinjaBoy_Item,FALSE,,,,,,
ITEM_HM01,Rustboro City,Normal Item,NPC,RustboroCity_CuttersHouse_EventScript_Cutter_Item,FALSE,,,,,,
ITEM_GREAT_BALL,Rustboro City,Normal Item,NPC,RustboroCity_EventScript_ReturnGoods_Item,FALSE,,,,,,
ITEM_EXP_SHARE,Rustboro City,Normal Item,NPC,RustboroCity_DevonCorp_3F_EventScript_GiveExpShare_Item,FALSE,,,,,,
sParty_Josh,Rustboro City Gym,Trainer,Trainer,RustboroCity_Gym_EventScript_Josh_Item,FALSE,,,,,,
sParty_Tommy,Rustboro City Gym,Trainer,Trainer,RustboroCity_Gym_EventScript_Tommy_Item,FALSE,,,,,,
sParty_Marc,Rustboro City Gym,Trainer,Trainer,RustboroCity_Gym_EventScript_Marc_Item,FALSE,,,,,,
sParty_Roxanne1,Rustboro City Gym,Trainer,Gym Leader,RustboroCity_Gym_EventScript_Roxanne_Item,FALSE,,,,,,
ITEM_POKE_BALL,Rusturf Tunnel,Normal Item,Item Ball,RusturfTunnel_EventScript_ItemPokeBall,FALSE,,,,,,
ITEM_DEVON_PARTS,Rusturf Tunnel,Normal Item,NPC,RusturfTunnel_EventScript_Grunt_Item,FALSE,,,,,,
ITEM_HM04,Rusturf Tunnel,Normal Item,NPC,RusturfTunnel_EventScript_ClearTunnelScene_ITEM,FALSE,,,,,,
ITEM_MAX_ETHER,Rusturf Tunnel,Normal Item,Item Ball,RusturfTunnel_EventScript_ItemMaxEther,FALSE,,,,,,
sParty_GruntRusturfTunnel,Rusturf Tunnel,Trainer,Trainer,RusturfTunnel_EventScript_Grunt_Item_Two,FALSE,,,,,,
sParty_Mike1,Rusturf Tunnel,Trainer,Trainer,RusturfTunnel_EventScript_Mike_Item,FALSE,,,,,,
ITEM_TM11,Scorched Slab,Item Ball,Item Ball,ScorchedSlab_EventScript_ItemTM11,FALSE,,,,,,
ITEM_TM26,Seafloor Cavern,Item Ball,Item Ball,SeafloorCavern_Room9_EventScript_ItemTM26,FALSE,ITEM_HM04,,,,,
sParty_GruntSeafloorCavern1,Seafloor Cavern,Trainer,Trainer,SeafloorCavern_Room1_EventScript_Grunt1_Item,FALSE,,,,,,
sParty_GruntSeafloorCavern2,Seafloor Cavern,Trainer,Trainer,SeafloorCavern_Room1_EventScript_Grunt2_Item,FALSE,,,,,,
sParty_GruntSeafloorCavern3,Seafloor Cavern,Trainer,Trainer,SeafloorCavern_Room4_EventScript_Grunt3_Item,FALSE,,,,,,
sParty_GruntSeafloorCavern4,Seafloor Cavern,Trainer,Trainer,SeafloorCavern_Room4_EventScript_Grunt4_Item,FALSE,,,,,,
sParty_GruntSeafloorCavern5,Seafloor Cavern,Trainer,Trainer,SeafloorCavern_Room3_EventScript_Grunt5_Item,FALSE,,,,,,
sParty_ShellySeafloorCavern,Seafloor Cavern,Trainer,Trainer,SeafloorCavern_Room3_EventScript_Shelly_Item,FALSE,,,,,,
sParty_Archie,Seafloor Cavern,Trainer,Trainer,SeafloorCavern_Room9_EventScript_ArchieAwakenKyogre_Item,FALSE,,,,,,
ITEM_SOOTHE_BELL,Slateport,Normal Item,NPC,SlateportCity_PokemonFanClub_EventScript_GiveSootheBell_Item,FALSE,,,,,,
ITEM_RED_SCARF,Slateport,Normal Item,NPC,SlateportCity_PokemonFanClub_EventScript_GiveRedScarf_Item,FALSE,,,,,,
ITEM_BLUE_SCARF,Slateport,Normal Item,NPC,SlateportCity_PokemonFanClub_EventScript_GiveBlueScarf_Item,FALSE,,,,,,
ITEM_PINK_SCARF,Slateport,Normal Item,NPC,SlateportCity_PokemonFanClub_EventScript_GivePinkScarf_Item,FALSE,,,,,,
ITEM_GREEN_SCARF,Slateport,Normal Item,NPC,SlateportCity_PokemonFanClub_EventScript_GiveGreenScarf_Item,FALSE,,,,,,
ITEM_YELLOW_SCARF,Slateport,Normal Item,NPC,SlateportCity_PokemonFanClub_EventScript_GiveYellowScarf_Item,FALSE,,,,,,
ITEM_POWDER_JAR,Slateport,Normal Item,NPC,SlateportCity_EventScript_BerryPowderClerk_Item,FALSE,,,,,,
ITEM_DEEP_SEA_TOOTH,Slateport,Normal Item,NPC,SlateportCity_Harbor_EventScript_DeepSeaTooth_Item,FALSE,,,,,,
ITEM_TM31,Sootopolis,Normal Item,NPC,SootopolisCity_House1_EventScript_BrickBreakBlackBelt_Item,FALSE,ITEM_HM03,,,,,
ITEM_HM07,Sootopolis,Normal Item,NPC,SootopolisCity_EventScript_GiveWaterfall_Item,FALSE,,,,,,
ITEM_ELIXIR,Sootopolis,Normal Item,NPC,SootopolisCity_LotadAndSeedotHouse_EventScript_BigSeedot_Item,FALSE,,,,,,
sParty_Juan1,Sootopolis Gym,Trainer,Trainer,SootopolisCity_Gym_1F_EventScript_Juan_Item,FALSE,,,,,,
sParty_Connie,Sootopolis Gym,Trainer,Trainer,SootopolisCity_Gym_B1F_EventScript_Connie_Item,FALSE,,,,,,
sParty_Andrea,Sootopolis Gym,Trainer,Trainer,SootopolisCity_Gym_B1F_EventScript_Andrea_Item,FALSE,,,,,,
sParty_Daphne,Sootopolis Gym,Trainer,Trainer,SootopolisCity_Gym_B1F_EventScript_Daphne_Item,FALSE,,,,,,
sParty_Annika,Sootopolis Gym,Trainer,Trainer,SootopolisCity_Gym_B1F_EventScript_Annika_Item,FALSE,,,,,,
sParty_Tiffany,Sootopolis Gym,Trainer,Trainer,SootopolisCity_Gym_B1F_EventScript_Tiffany_Item,FALSE,,,,,,
sParty_Crissy,Sootopolis Gym,Trainer,Trainer,SootopolisCity_Gym_B1F_EventScript_Crissy_Item,FALSE,,,,,,
sParty_Bethany,Sootopolis Gym,Trainer,Trainer,SootopolisCity_Gym_B1F_EventScript_Bethany_Item,FALSE,,,,,,
sParty_Olivia,Sootopolis Gym,Trainer,Trainer,SootopolisCity_Gym_B1F_EventScript_Olivia_Item,FALSE,,,,,,
sParty_Brianna,Sootopolis Gym,Trainer,Trainer,SootopolisCity_Gym_B1F_EventScript_Brianna_Item,FALSE,,,,,,
sParty_Bridget,Sootopolis Gym,Trainer,Trainer,SootopolisCity_Gym_B1F_EventScript_Bridget_Item,FALSE,,,,,,
ITEM_TM49,SS Tidal,Normal Item,Item Ball,SSTidalRooms_EventScript_SnatchGiver_Item,FALSE,,,,,,
ITEM_LEFTOVERS,SS Tidal,Normal Item,Hidden Item,map.json,TRUE,,,,,,
sParty_LeaAndJed,SS Tidal,Trainer,Trainer,SSTidalRooms_EventScript_Jed_Item,FALSE,,,,,,
sParty_Garret,SS Tidal,Trainer,Trainer,SSTidalRooms_EventScript_Garret_Item,FALSE,,,,,,
sParty_Micah,SS Tidal,Trainer,Trainer,SSTidalRooms_EventScript_Micah_Item,FALSE,,,,,,
sParty_Colton,SS Tidal,Trainer,Trainer,SSTidalRooms_EventScript_Colton_Item,FALSE,,,,,,
sParty_Naomi,SS Tidal,Trainer,Trainer,SSTidalRooms_EventScript_Naomi_Item,FALSE,,,,,,
sParty_Thomas,SS Tidal,Trainer,Trainer,SSTidalRooms_EventScript_Thomas_Item,FALSE,,,,,,
sParty_Phillip,SS Tidal,Trainer,Trainer,SSTidalLowerDeck_EventScript_Phillip_Item,FALSE,,,,,,
sParty_Leonard,SS Tidal,Trainer,Trainer,SSTidalLowerDeck_EventScript_Leonard_Item,FALSE,,,,,,
ITEM_TM45,Verdanturf,Normal Item,NPC,VerdanturfTown_BattleTentLobby_EventScript_AttractGiver_Item,FALSE,,,,,,
ITEM_MAX_ELIXIR,Victory Road,Normal Item,Item Ball,VictoryRoad_1F_EventScript_ItemMaxElixir,FALSE,,,,,,
ITEM_PP_UP,Victory Road,Normal Item,Item Ball,VictoryRoad_1F_EventScript_ItemPPUp,FALSE,,,,,,
ITEM_ULTRA_BALL,Victory Road,Normal Item,Item Ball,map.json,TRUE,,,,,,
ITEM_FULL_RESTORE,Victory Road,Normal Item,Item Ball,VictoryRoad_B1F_EventScript_ItemFullRestore,FALSE,ITEM_HM04,ITEM_HM06,,,,
ITEM_MAX_REPEL,Victory Road,Normal Item,Item Ball,map.json,TRUE,,,,,,
ITEM_TM29,Victory Road,Normal Item,Item Ball,VictoryRoad_B1F_EventScript_ItemTM29,FALSE,,,,,,
ITEM_FULL_HEAL,Victory Road,Normal Item,Item Ball,VictoryRoad_B2F_EventScript_ItemFullHeal,FALSE,,,,,,
ITEM_ELIXIR,Victory Road,Normal Item,Item Ball,map.json,TRUE,ITEM_HM03,,,,,
sParty_Albert,Victory Road,Trainer,Trainer,VictoryRoad_1F_EventScript_Albert_Item,FALSE,,,,,,
sParty_Hope,Victory Road,Trainer,Trainer,VictoryRoad_1F_EventScript_Hope_Item,FALSE,,,,,,
sParty_Shannon,Victory Road,Trainer,Trainer,VictoryRoad_B1F_EventScript_Shannon_Item,FALSE,,,,,,
sParty_Samuel,Victory Road,Trainer,Trainer,VictoryRoad_B1F_EventScript_Samuel_Item,FALSE,,,,,,
sParty_Julie,Victory Road,Trainer,Trainer,VictoryRoad_B2F_EventScript_Julie_Item,FALSE,,,,,,
sParty_Owen,Victory Road,Trainer,Trainer,VictoryRoad_B2F_EventScript_Owen_Item,FALSE,,,,,,
sParty_Dianne,Victory Road,Trainer,Trainer,VictoryRoad_B2F_EventScript_Dianne_Item,FALSE,,,,,,
sParty_Felix,Victory Road,Trainer,Trainer,VictoryRoad_B2F_EventScript_Felix_Item,FALSE,,,,,,
sParty_Caroline,Victory Road,Trainer,Trainer,VictoryRoad_B2F_EventScript_Caroline_Item,FALSE,,,,,,
sParty_Vito,Victory Road,Trainer,Trainer,VictoryRoad_B2F_EventScript_Vito_Item,FALSE,,,,,,
sParty_Michelle,Victory Road,Trainer,Trainer,VictoryRoad_B1F_EventScript_Michelle_Item,FALSE,,,,,,
sParty_Mitchell,Victory Road,Trainer,Trainer,VictoryRoad_B1F_EventScript_Mitchell_Item,FALSE,,,,,,
sParty_Halle,Victory Road,Trainer,Trainer,VictoryRoad_B1F_EventScript_Halle_Item,FALSE,,,,,,
sParty_Edgar,Victory Road,Trainer,Trainer,VictoryRoad_1F_EventScript_Edgar_Item,FALSE,,,,,,
sParty_Katelynn,Victory Road,Trainer,Trainer,VictoryRoad_1F_EventScript_Katelynn_Item,FALSE,,,,,,
sParty_Quincy,Victory Road,Trainer,Trainer,VictoryRoad_1F_EventScript_Quincy_Item,FALSE,,,,,,
sParty_WallyVR1,Victory Road,Trainer,Trainer,VictoryRoad_1F_EventScript_WallyEntranceBattle_Item,FALSE,,,,,,
"SPECIES_REGIGIGAS, 100",Other,Pokemon,NPC,MEScrCmd_givepokemon,FALSE,,,,,,
ITEM_BIG_PEARL,Shoal Cave,Normal Item,Item Ball,ShoalCave_LowTideEntranceRoom_EventScript_ItemBigPearl,FALSE,,,,,,
ITEM_RARE_CANDY,Shoal Cave,Normal Item,Item Ball,ShoalCave_LowTideInnerRoom_EventScript_ItemRareCandy,FALSE,,,,,,
ITEM_ICE_HEAL,Shoal Cave,Normal Item,Item Ball,ShoalCave_LowTideStairsRoom_EventScript_ItemIceHeal,FALSE,,,,,,
ITEM_TM07,Shoal Cave,Normal Item,Item Ball,ShoalCave_LowTideIceRoom_EventScript_ItemTM07,FALSE,,,,,,
ITEM_NEVER_MELT_ICE,Shoal Cave,Normal Item,Item Ball,ShoalCave_LowTideIceRoom_EventScript_ItemNeverMeltIce,FALSE,,,,,,
ITEM_HP_UP,Artisan Cave,Normal Item,Item Ball,ArtisanCave_B1F_EventScript_ItemHPUp,FALSE,,,,,,
ITEM_CARBOS,Artisan Cave,Normal Item,Item Ball,ArtisanCave_1F_EventScript_ItemCarbos,FALSE,,,,,,